OTTOKOD;DETAY;DESİ;
1001-Dore;Büyük Zarf Cüzdan;0,5;
1001-Kahverengi;Büyük Zarf Cüzdan;0,5;
1001-Lame;Büyük Zarf Cüzdan;0,5;
1001-Mor;Büyük Zarf Cüzdan;0,5;
1001-Pembe;Büyük Zarf Cüzdan;0,5;
1001-Siyah;Büyük Zarf Cüzdan;0,5;
1001-Taba;Büyük Zarf Cüzdan;0,5;
1002-Kahverengi;Küçük Zarf Cüzdan;0,5;
1002-Mor;Küçük Zarf Cüzdan;0,5;
1002-Pembe;Küçük Zarf Cüzdan;0,5;
1002-Siyah;Küçük Zarf Cüzdan;0,5;
1002-Taba;Küçük Zarf Cüzdan;0,5;
1003-Taba;Küçük Zarf Cüzdan-ÜRETİLMEYECEK;0,5;
1006-Lacivert/Vizon;Bayan Pofuduk Cüzdan;0,5;
1006-Pembe/Mor;Bayan Pofuduk Cüzdan;0,5;
1006-Taba/Kahverengi;Bayan Pofuduk Cüzdan;0,5;
1007-Lacivert/Vizon;Fermuar Diş Zarf Cüzdan;0,5;
1007-Pembe/Mor;Fermuar Diş Zarf Cüzdan;0,5;
1007-Siyah/Vizon;Fermuar Diş Zarf Cüzdan;0,5;
1007-Taba/Kahverengi;Fermuar Diş Zarf Cüzdan;0,5;
1008-Beyaz;Vejeteryen Cüzdan;0,5;
1008-Kahverengi;Vejeteryen Cüzdan;0,5;
1008-Kırmızı;Vejeteryen Cüzdan;0,5;
1008-Pembe;Vejeteryen Cüzdan;0,5;
1008-Siyah;Vejeteryen Cüzdan;0,5;
1008-Taba;Vejeteryen Cüzdan;0,5;
1009-Kahverengi;Cüzdan Kartlık;0,5;
1009-Pembe;Cüzdan Kartlık;0,5;
1009-Siyah;Cüzdan Kartlık;0,5;
1009-Taba;Cüzdan Kartlık;0,5;
1012-Kahverengi;Kare Bitcoın Cüzdan;0,5;
1012-Siyah;Kare Bitcoın Cüzdan;0,5;
1014-Kahverengi;Dikdörtgen Bitcoın Cüzdan;0,5;
1014-Siyah;Dikdörtgen Bitcoın Cüzdan;0,5;
1016-Kahverengi;Salaş Cüzdan;0,5;
1016-Siyah;Salaş Cüzdan;0,5;
1018-Bordo;Spor Cüzdan;0,5;
1018-Haki;Spor Cüzdan;0,5;
1018-Kahverengi;Spor Cüzdan;0,5;
1018-Mavi;Spor Cüzdan;0,5;
1018-Siyah;Spor Cüzdan;0,5;
1018-Vizon;Spor Cüzdan;0,5;
1020-Siyah;Oduncu Cüzdan;0,5;
1021-Dore;Bayan Mektup Cüzdan;0,5;
1021-Kahverengi;Bayan Mektup Cüzdan;0,5;
1021-Lacivert;Bayan Mektup Cüzdan;0,5;
1021-Mor;Bayan Mektup Cüzdan;0,5;
1021-Pembe;Bayan Mektup Cüzdan;0,5;
1021-Siyah;Bayan Mektup Cüzdan;0,5;
1021-Taba;Bayan Mektup Cüzdan;0,5;
1021-Vizon;Bayan Mektup Cüzdan;0,5;
1023-Lacivert;Fermuar Cepli El Cüzdanı;0,5;
1023-Mor;Fermuar Cepli El Cüzdanı;0,5;
1023-Pembe;Fermuar Cepli El Cüzdanı;0,5;
1023-Siyah;Fermuar Cepli El Cüzdanı;0,5;
1023-Taba;Fermuar Cepli El Cüzdanı;0,5;
1023-Vizon;Fermuar Cepli El Cüzdanı;0,5;
1024-Lacivert;İki Bölümlü Cüzdan;0,5;
1024-Mor;İki Bölümlü Cüzdan;0,5;
1024-Siyah;İki Bölümlü Cüzdan;0,5;
1024-Taba;İki Bölümlü Cüzdan;0,5;
1024-Vizon;İki Bölümlü Cüzdan;0,5;
1026-Bordo;İki Bölümlü Cüzdan;0,5;
1026-Haki;İki Bölümlü Cüzdan;0,5;
1026-Kahverengi;İki Bölümlü Cüzdan;0,5;
1026-Mavi;İki Bölümlü Cüzdan;0,5;
1027-Dore;Kimlik Cüzdan;0,5;
1027-Lacivert;Kimlik Cüzdan;0,5;
1027-Mor;Kimlik Cüzdan;0,5;
1027-Siyah;Kimlik Cüzdan;0,5;
1027-Taba;Kimlik Cüzdan;0,5;
1027-Vizon;Kimlik Cüzdan;0,5;
1028-Lacivert;Pop Art Wallet;0,5;
1028-Mor;Pop Art Wallet;0,5;
1028-Siyah;Pop Art Wallet;0,5;
1028-Taba;Pop Art Wallet;0,5;
1028-Vizon;Pop Art Wallet;0,5;
1030-Bordo;Pop Art Wallet;0,5;
1030-Haki;Pop Art Wallet;0,5;
1030-Kahverengi;Pop Art Wallet;0,5;
1030-Mavi;Pop Art Wallet;0,5;
1037-Kahverengi;Otto Angelino Vintage Grandpa Cüzdan;0,5;
1037-Siyah;Otto Angelino Vintage Grandpa Cüzdan;0,5;
1051-Camel;Bayan Mektup Cüzdan;0,5;
1051-Taba;Bayan Mektup Cüzdan;0,5;
1056-Bordo;Patlı Cüzdan;0,5;
1056-Haki;Patlı Cüzdan;0,5;
1056-Kahverengi;Patlı Cüzdan;0,5;
1056-Mavi;Patlı Cüzdan;0,5;
1056-Siyah;Patlı Cüzdan;0,5;
1056-Vizon;Patlı Cüzdan;0,5;
1060-Bordo;Fermuarlı Cüzdan;0,5;
1060-Haki;Fermuarlı Cüzdan;0,5;
1060-Kahverengi;Fermuarlı Cüzdan;0,5;
1060-Siyah;Fermuarlı Cüzdan;0,5;
1061-Camel;Büyük Zarf Cüzdan (SADECE TR de SATILACAK);0,5;
1062-Camel;Küçük Zarf Cüzdan (SADECE TR de SATILACAK);0,5;
1077-Siyah;Broshield Cüzdan;0,5;
1078-Taba;Broshield Cüzdan;0,5;
2004-Kahverengi;Yan Kartlık-Krako;0,5;
2004-Siyah;Yan Kartlık-Krako;0,5;
2005-Kahverengi;Yan Kartlık-Çuval Baskı-ÜRETİLMEYECEK;0,5;
2005-Kırmızı;Yan Kartlık-Çuval Baskı-ÜRETİLMEYECEK;0,5;
2005-Siyah;Yan Kartlık-Çuval Baskı-ÜRETİLMEYECEK;0,5;
2006-Bordo;Mekanik Kartlık Paralıklı-Rustik Döşemelik;0,5;
2006-Siyah;Mekanik Kartlık Paralıklı-Rustik Döşemelik;0,5;
2006-Taba;Mekanik Kartlık Paralıklı-Rustik Döşemelik;0,5;
2006-Yeşil;Mekanik Kartlık Paralıklı-Rustik Döşemelik;0,5;
2007-Kahverengi;Mekanik Kartlık Paralıklı-Çuval Baskı-ÜRETİLMEYECEK;0,5;
2007-Kırmızı;Mekanik Kartlık Paralıklı-Çuval Baskı-ÜRETİLMEYECEK;0,5;
2007-Siyah;Mekanik Kartlık Paralıklı-Çuval Baskı-ÜRETİLMEYECEK;0,5;
2008-Bordo;Metal Kartlik Sarmalı-Rustik Döşemelik;0,5;
2008-Siyah;Metal Kartlik Sarmalı-Rustik Döşemelik;0,5;
2008-Taba;Metal Kartlik Sarmalı-Rustik Döşemelik;0,5;
2008-Yeşil;Metal Kartlik Sarmalı-Rustik Döşemelik;0,5;
2009-Kahverengi;Metal Kartlik Sarmalı-Çuval Baskı-ÜRETİLMEYECEK;0,5;
2009-Kırmızı;Metal Kartlik Sarmalı-Çuval Baskı-ÜRETİLMEYECEK;0,5;
2009-Siyah;Metal Kartlik Sarmalı-Çuval Baskı-ÜRETİLMEYECEK;0,5;
2010-Mavi;Slim Kartlık-Soho;0,5;
2011-Pembe/Mor;Fermuarlı Kartlık Bozuk Paralıklı;0,5;
2011-Siyah;Fermuarlı Kartlık Bozuk Paralıklı;0,5;
2011-Taba/Kahverengi;Fermuarlı Kartlık Bozuk Paralıklı;0,5;
2012-Bordo;Maşalı Kartlık;0,5;
2012-Haki;Maşalı Kartlık - ESKİ;0,5;
2012-Kahverengi;Maşalı Kartlık;0,5;
2012-Siyah;Maşalı Kartlık;0,5;
2013-Siyah/Kırmızı;Fermuarlı Kartlık Bozuk Paralıklı-Çuval Baskı-ÜRETİLMEYECEK;0,5;
2016-Kahverengi;Minimal Kartlık;0,5;
2016-Mavi;Minimal Kartlık;0,5;
2016-Siyah;Minimal Kartlık;0,5;
2019-Kahverengi;Dilli Kartlık;0,5;
2019-Mavi;Dilli Kartlık;0,5;
2019-Siyah;Dilli Kartlık;0,5;
2021-Mavi/Siyah;Çıtçıtlı Kartlık;0,5;
2021-Siyah/Kahverengi;Çıtçıtlı Kartlık;0,5;
2023-Yeşil;Dik Kartlık;0,5;
2024-Camel;Busıness Kartlık;0,5;
2024-Kırmızı;Busıness Kartlık;0,5;
2024-Oliv;Busıness Kartlık;0,5;
2024-Taba;Busıness Kartlık;0,5;
2025-Bordo;Slim Kartlık;0,5;
2025-Kahverengi;Slim Kartlık;0,5;
2025-Siyah;Slim Kartlık;0,5;
2026-Dore;Yan Kartlık;0,5;
2026-Lame;Yan Kartlık;0,5;
2026-Mor;Yan Kartlık;0,5;
2026-Pembe;Yan Kartlık;0,5;
2026-Siyah;Yan Kartlık;0,5;
2026-Taba;Yan Kartlık;0,5;
2027-Lacivert;Slim Kartlık;0,5;
2027-Mor;Slim Kartlık;0,5;
2027-Taba;Slim Kartlık;0,5;
2028-Dore;Dik Kartlık;0,5;
2028-Lame;Dik Kartlık;0,5;
2028-Mor;Dik Kartlık;0,5;
2028-Pembe;Dik Kartlık;0,5;
2028-Siyah;Dik Kartlık;0,5;
2028-Taba;Dik Kartlık;0,5;
2029-Camel;Slim Kartlık;0,5;
2029-Kırmızı;Slim Kartlık;0,5;
2037-Bordo;Yan Kartlık;0,5;
2037-Kahverengi;Yan Kartlık;0,5;
2037-Siyah;Yan Kartlık;0,5;
2038-Bordo;Körüklü Kartlık;0,5;
2038-Haki;Körüklü Kartlık;0,5;
2038-Kahverengi;Körüklü Kartlık;0,5;
2038-Mavi;Körüklü Kartlık;0,5;
2038-Siyah;Körüklü Kartlık;0,5;
2038-Vizon;Körüklü Kartlık;0,5;
2039-Bordo;Dik Kartlık;0,5;
2039-Kahverengi;Dik Kartlık;0,5;
2039-Siyah;Dik Kartlık;0,5;
2040-Taba;Dik Kartlık;0,5;
2041-Oliv;Maşalı Kartlık;0,5;
3001-Gri;Neopren Kamera Kılıfı;0,5;
3001-Kırmızı;Neopren Kamera Kılıfı;0,5;
3001-Mavi;Neopren Kamera Kılıfı;0,5;
3001-Pembe;Neopren Kamera Kılıfı;0,5;
3001-Siyah;Neopren Kamera Kılıfı;0,5;
3002-Gri;Neopren Kamera Kılıfı;0,5;
3002-Kırmızı;Neopren Kamera Kılıfı;0,5;
3002-Mavi;Neopren Kamera Kılıfı;0,5;
3002-Pembe;Neopren Kamera Kılıfı;0,5;
3002-Sarı/Siyah;Neopren Kamera Kılıfı;0,5;
3002-Siyah;Neopren Kamera Kılıfı;0,5;
3003-Gri;Neopren Kamera Kılıfı;0,5;
3003-Kırmızı;Neopren Kamera Kılıfı;0,5;
3003-Mavi;Neopren Kamera Kılıfı;0,5;
3003-Pembe;Neopren Kamera Kılıfı;0,5;
3003-Sarı/Siyah;Neopren Kamera Kılıfı;0,5;
3003-Siyah;Neopren Kamera Kılıfı;0,5;
3004-Gri;Neopren Kamera Kılıfı;0,5;
3004-Kırmızı;Neopren Kamera Kılıfı;0,5;
3004-Mavi;Neopren Kamera Kılıfı;0,5;
3004-Pembe;Neopren Kamera Kılıfı;0,5;
3004-Siyah;Neopren Kamera Kılıfı;0,5;
3005-Siyah/Kırmızı;Neopren Kamera Kılıfı;0,5;
3005-Siyah/Sarı;Neopren Kamera Kılıfı;0,5;
3006-Gri;Neopren Kamera Kılıfı;0,5;
3006-Kırmızı;Neopren Kamera Kılıfı;0,5;
3006-Mavi;Neopren Kamera Kılıfı;0,5;
3006-Pembe;Neopren Kamera Kılıfı;0,5;
3006-Sarı/Siyah;Neopren Kamera Kılıfı;0,5;
3006-Siyah;Neopren Kamera Kılıfı;0,5;
3007-Gri;Neopren Kamera Kılıfı;0,5;
3007-Kırmızı;Neopren Kamera Kılıfı;0,5;
3007-Mavi;Neopren Kamera Kılıfı;0,5;
3007-Pembe;Neopren Kamera Kılıfı;0,5;
3007-Siyah;Neopren Kamera Kılıfı;0,5;
3008-Gri;Neopren Kamera Kılıfı;0,5;
3008-Kırmızı;Neopren Kamera Kılıfı;0,5;
3008-Mavi;Neopren Kamera Kılıfı;0,5;
3008-Pembe;Neopren Kamera Kılıfı;0,5;
3008-Siyah;Neopren Kamera Kılıfı;0,5;
3009-Gri;Neopren Kamera Kılıfı;0,5;
3009-Kırmızı;Neopren Kamera Kılıfı;0,5;
3009-Mavi;Neopren Kamera Kılıfı;0,5;
3009-Pembe;Neopren Kamera Kılıfı;0,5;
3009-Siyah;Neopren Kamera Kılıfı;0,5;
3010-Gri;Neopren Kamera Kılıfı;0,5;
3010-Kırmızı;Neopren Kamera Kılıfı;0,5;
3010-Mavi;Neopren Kamera Kılıfı;0,5;
3010-Pembe;Neopren Kamera Kılıfı;0,5;
3010-Siyah;Neopren Kamera Kılıfı;0,5;
3011-Siyah/Sarı;Neopren Kamera Kılıfı;0,5;
3012-Gri;Neopren Kamera Kılıfı;0,5;
3012-Kırmızı;Neopren Kamera Kılıfı;0,5;
3012-Mavi;Neopren Kamera Kılıfı;0,5;
3012-Pembe;Neopren Kamera Kılıfı;0,5;
3012-Sarı/Siyah;Neopren Kamera Kılıfı;0,5;
3012-Siyah;Neopren Kamera Kılıfı;0,5;
3013-Gri;Neopren Kamera Kılıfı;0,5;
3013-Kırmızı;Neopren Kamera Kılıfı;0,5;
3013-Mavi;Neopren Kamera Kılıfı;0,5;
3013-Pembe;Neopren Kamera Kılıfı;0,5;
3013-Siyah;Neopren Kamera Kılıfı;0,5;
3014-Gri;Neopren Kamera Kılıfı;0,5;
3014-Kırmızı;Neopren Kamera Kılıfı;0,5;
3014-Mavi;Neopren Kamera Kılıfı;0,5;
3014-Pembe;Neopren Kamera Kılıfı;0,5;
3014-Siyah;Neopren Kamera Kılıfı;0,5;
3015-Siyah;Neopren Kamera Kılıfı;0,5;
3016-Gri;Neopren Kamera Kılıfı;0,5;
3016-Kırmızı;Neopren Kamera Kılıfı;0,5;
3016-Mavi;Neopren Kamera Kılıfı;0,5;
3016-Pembe;Neopren Kamera Kılıfı;0,5;
3016-Siyah;Neopren Kamera Kılıfı;0,5;
3017-Gri;Neopren Kamera Kılıfı;0,5;
3017-Kırmızı;Neopren Kamera Kılıfı;0,5;
3017-Mavi;Neopren Kamera Kılıfı;0,5;
3017-Pembe;Neopren Kamera Kılıfı;0,5;
3017-Siyah;Neopren Kamera Kılıfı;0,5;
3018-Gri;Neopren Kamera Kılıfı;0,5;
3018-Kırmızı;Neopren Kamera Kılıfı;0,5;
3018-Mavi;Neopren Kamera Kılıfı;0,5;
3018-Pembe;Neopren Kamera Kılıfı;0,5;
3018-Siyah;Neopren Kamera Kılıfı;0,5;
3019-Gri;Neopren Kamera Kılıfı;0,5;
3019-Kırmızı;Neopren Kamera Kılıfı;0,5;
3019-Mavi;Neopren Kamera Kılıfı;0,5;
3019-Pembe;Neopren Kamera Kılıfı;0,5;
3019-Siyah;Neopren Kamera Kılıfı;0,5;
3020-Gri;Neopren Kamera Kılıfı;0,5;
3020-Kırmızı;Neopren Kamera Kılıfı;0,5;
3020-Mavi;Neopren Kamera Kılıfı;0,5;
3020-Pembe;Neopren Kamera Kılıfı;0,5;
3020-Siyah;Neopren Kamera Kılıfı;0,5;
3021-Gri;Neopren Kamera Kılıfı;0,5;
3021-Kırmızı;Neopren Kamera Kılıfı;0,5;
3021-Mavi;Neopren Kamera Kılıfı;0,5;
3021-Pembe;Neopren Kamera Kılıfı;0,5;
3021-Siyah;Neopren Kamera Kılıfı;0,5;
3022-Gri;Neopren Kamera Kılıfı;0,5;
3022-Kırmızı;Neopren Kamera Kılıfı;0,5;
3022-Mavi;Neopren Kamera Kılıfı;0,5;
3022-Pembe;Neopren Kamera Kılıfı;0,5;
3022-Siyah;Neopren Kamera Kılıfı;0,5;
3023-Gri;Neopren Kamera Kılıfı;0,5;
3023-Kırmızı;Neopren Kamera Kılıfı;0,5;
3023-Mavi;Neopren Kamera Kılıfı;0,5;
3023-Pembe;Neopren Kamera Kılıfı;0,5;
3023-Siyah;Neopren Kamera Kılıfı;0,5;
3024-Gri;Neopren Kamera Kılıfı;0,5;
3024-Kırmızı;Neopren Kamera Kılıfı;0,5;
3024-Mavi;Neopren Kamera Kılıfı;0,5;
3024-Pembe;Neopren Kamera Kılıfı;0,5;
3024-Siyah;Neopren Kamera Kılıfı;0,5;
3025-Siyah/Kırmızı;Neopren Kamera Kılıfı;0,5;
3026-Gri;Neopren Kamera Kılıfı;0,5;
3026-Kırmızı;Neopren Kamera Kılıfı;0,5;
3026-Mavi;Neopren Kamera Kılıfı;0,5;
3026-Pembe;Neopren Kamera Kılıfı;0,5;
3026-Siyah;Neopren Kamera Kılıfı;0,5;
3027-Gri;Neopren Kamera Kılıfı;0,5;
3027-Kırmızı;Neopren Kamera Kılıfı;0,5;
3027-Mavi;Neopren Kamera Kılıfı;0,5;
3027-Pembe;Neopren Kamera Kılıfı;0,5;
3027-Siyah;Neopren Kamera Kılıfı;0,5;
3028-Siyah/Kırmızı;Neopren Kamera Kılıfı;0,5;
3029-Gri;Neopren Kamera Kılıfı;0,5;
3029-Kırmızı;Neopren Kamera Kılıfı;0,5;
3029-Mavi;Neopren Kamera Kılıfı;0,5;
3029-Pembe;Neopren Kamera Kılıfı;0,5;
3029-Siyah;Neopren Kamera Kılıfı;0,5;
3030-Gri;Neopren Kamera Kılıfı;0,5;
3030-Kırmızı;Neopren Kamera Kılıfı;0,5;
3030-Mavi;Neopren Kamera Kılıfı;0,5;
3030-Pembe;Neopren Kamera Kılıfı;0,5;
3030-Siyah;Neopren Kamera Kılıfı;0,5;
3031-Gri;Neopren Kamera Kılıfı;0,5;
3031-Kırmızı;Neopren Kamera Kılıfı;0,5;
3031-Mavi;Neopren Kamera Kılıfı;0,5;
3031-Pembe;Neopren Kamera Kılıfı;0,5;
3031-Siyah;Neopren Kamera Kılıfı;0,5;
3032-Gri;Neopren Kamera Kılıfı;0,5;
3032-Kırmızı;Neopren Kamera Kılıfı;0,5;
3032-Mavi;Neopren Kamera Kılıfı;0,5;
3032-Pembe;Neopren Kamera Kılıfı;0,5;
3032-Siyah;Neopren Kamera Kılıfı;0,5;
3033-Siyah/Kırmızı;Neopren Kamera Kılıfı;0,5;
3034-Gri;Neopren Kamera Kılıfı;0,5;
3034-Kırmızı;Neopren Kamera Kılıfı;0,5;
3034-Mavi;Neopren Kamera Kılıfı;0,5;
3034-Pembe;Neopren Kamera Kılıfı;0,5;
3034-Siyah;Neopren Kamera Kılıfı;0,5;
3035-Siyah/Kırmızı;Neopren Kamera Kılıfı;0,5;
3035-Siyah/Sarı;Neopren Kamera Kılıfı;0,5;
3036-Gri;Neopren Kamera Kılıfı;0,5;
3036-Kırmızı;Neopren Kamera Kılıfı;0,5;
3036-Mavi;Neopren Kamera Kılıfı;0,5;
3036-Pembe;Neopren Kamera Kılıfı;0,5;
3036-Siyah;Neopren Kamera Kılıfı;0,5;
3037-Gri;Neopren Kamera Kılıfı;0,5;
3037-Kırmızı;Neopren Kamera Kılıfı;0,5;
3037-Mavi;Neopren Kamera Kılıfı;0,5;
3037-Pembe;Neopren Kamera Kılıfı;0,5;
3037-Siyah;Neopren Kamera Kılıfı;0,5;
3038-Gri;Neopren Kamera Kılıfı;0,5;
3038-Kırmızı;Neopren Kamera Kılıfı;0,5;
3038-Mavi;Neopren Kamera Kılıfı;0,5;
3038-Pembe;Neopren Kamera Kılıfı;0,5;
3038-Sarı/Siyah;Neopren Kamera Kılıfı;0,5;
3038-Siyah;Neopren Kamera Kılıfı;0,5;
3039-Gri;Neopren Kamera Kılıfı;0,5;
3039-Kırmızı;Neopren Kamera Kılıfı;0,5;
3039-Mavi;Neopren Kamera Kılıfı;0,5;
3039-Pembe;Neopren Kamera Kılıfı;0,5;
3039-Siyah;Neopren Kamera Kılıfı;0,5;
3040-Gri;Neopren Kamera Kılıfı;0,5;
3040-Kırmızı;Neopren Kamera Kılıfı;0,5;
3040-Mavi;Neopren Kamera Kılıfı;0,5;
3040-Pembe;Neopren Kamera Kılıfı;0,5;
3040-Siyah;Neopren Kamera Kılıfı;0,5;
3041-Gri;Neopren Kamera Kılıfı;0,5;
3041-Kırmızı;Neopren Kamera Kılıfı;0,5;
3041-Mavi;Neopren Kamera Kılıfı;0,5;
3041-Pembe;Neopren Kamera Kılıfı;0,5;
3041-Siyah;Neopren Kamera Kılıfı;0,5;
3042-Gri;Neopren Kamera Kılıfı;0,5;
3042-Kırmızı;Neopren Kamera Kılıfı;0,5;
3042-Mavi;Neopren Kamera Kılıfı;0,5;
3042-Pembe;Neopren Kamera Kılıfı;0,5;
3042-Sarı/Siyah;Neopren Kamera Kılıfı;0,5;
3042-Siyah;Neopren Kamera Kılıfı;0,5;
3043-Gri;Neopren Kamera Kılıfı;0,5;
3043-Kırmızı;Neopren Kamera Kılıfı;0,5;
3043-Mavi;Neopren Kamera Kılıfı;0,5;
3043-Pembe;Neopren Kamera Kılıfı;0,5;
3043-Sarı/Siyah;Neopren Kamera Kılıfı;0,5;
3043-Siyah;Neopren Kamera Kılıfı;0,5;
3044-Gri;Neopren Kamera Kılıfı;0,5;
3044-Kırmızı;Neopren Kamera Kılıfı;0,5;
3044-Mavi;Neopren Kamera Kılıfı;0,5;
3044-Pembe;Neopren Kamera Kılıfı;0,5;
3044-Siyah;Neopren Kamera Kılıfı;0,5;
3045-Gri;Neopren Kamera Kılıfı;0,5;
3045-Kırmızı;Neopren Kamera Kılıfı;0,5;
3045-Mavi;Neopren Kamera Kılıfı;0,5;
3045-Pembe;Neopren Kamera Kılıfı;0,5;
3045-Siyah;Neopren Kamera Kılıfı;0,5;
3046-Gri;Neopren Kamera Kılıfı;0,5;
3046-Kırmızı;Neopren Kamera Kılıfı;0,5;
3046-Mavi;Neopren Kamera Kılıfı;0,5;
3046-Pembe;Neopren Kamera Kılıfı;0,5;
3046-Siyah;Neopren Kamera Kılıfı;0,5;
3047-Gri;Neopren Kamera Kılıfı;0,5;
3047-Kırmızı;Neopren Kamera Kılıfı;0,5;
3047-Mavi;Neopren Kamera Kılıfı;0,5;
3047-Pembe;Neopren Kamera Kılıfı;0,5;
3047-Siyah;Neopren Kamera Kılıfı;0,5;
3048-Gri;Neopren Kamera Kılıfı;0,5;
3048-Kırmızı;Neopren Kamera Kılıfı;0,5;
3048-Mavi;Neopren Kamera Kılıfı;0,5;
3048-Pembe;Neopren Kamera Kılıfı;0,5;
3048-Siyah;Neopren Kamera Kılıfı;0,5;
3049-Gri;Neopren Kamera Kılıfı;0,5;
3049-Kırmızı;Neopren Kamera Kılıfı;0,5;
3049-Mavi;Neopren Kamera Kılıfı;0,5;
3049-Pembe;Neopren Kamera Kılıfı;0,5;
3049-Siyah;Neopren Kamera Kılıfı;0,5;
3050-Siyah/Kırmızı;Neopren Kamera Kılıfı;0,5;
3050-Siyah/Sarı;Neopren Kamera Kılıfı;0,5;
3051-Gri;Neopren Kamera Kılıfı;0,5;
3051-Kırmızı;Neopren Kamera Kılıfı;0,5;
3051-Mavi;Neopren Kamera Kılıfı;0,5;
3051-Pembe;Neopren Kamera Kılıfı;0,5;
3051-Siyah;Neopren Kamera Kılıfı;0,5;
3052-Gri;Neopren Kamera Kılıfı;0,5;
3052-Kırmızı;Neopren Kamera Kılıfı;0,5;
3052-Mavi;Neopren Kamera Kılıfı;0,5;
3052-Pembe;Neopren Kamera Kılıfı;0,5;
3052-Siyah;Neopren Kamera Kılıfı;0,5;
3053-Gri;Neopren Kamera Kılıfı;0,5;
3053-Kırmızı;Neopren Kamera Kılıfı;0,5;
3053-Mavi;Neopren Kamera Kılıfı;0,5;
3053-Pembe;Neopren Kamera Kılıfı;0,5;
3053-Siyah;Neopren Kamera Kılıfı;0,5;
3054-Gri;Neopren Kamera Kılıfı;0,5;
3054-Kırmızı;Neopren Kamera Kılıfı;0,5;
3054-Mavi;Neopren Kamera Kılıfı;0,5;
3054-Pembe;Neopren Kamera Kılıfı;0,5;
3054-Siyah;Neopren Kamera Kılıfı;0,5;
3055-Gri;Neopren Kamera Kılıfı;0,5;
3055-Kırmızı;Neopren Kamera Kılıfı;0,5;
3055-Mavi;Neopren Kamera Kılıfı;0,5;
3055-Pembe;Neopren Kamera Kılıfı;0,5;
3055-Siyah;Neopren Kamera Kılıfı;0,5;
3056-Gri;Neopren Kamera Kılıfı;0,5;
3056-Kırmızı;Neopren Kamera Kılıfı;0,5;
3056-Mavi;Neopren Kamera Kılıfı;0,5;
3056-Pembe;Neopren Kamera Kılıfı;0,5;
3056-Siyah;Neopren Kamera Kılıfı;0,5;
3057-Gri;Neopren Kamera Kılıfı;0,5;
3057-Kırmızı;Neopren Kamera Kılıfı;0,5;
3057-Mavi;Neopren Kamera Kılıfı;0,5;
3057-Pembe;Neopren Kamera Kılıfı;0,5;
3057-Siyah;Neopren Kamera Kılıfı;0,5;
3058-Gri;Neopren Kamera Kılıfı;0,5;
3058-Kırmızı;Neopren Kamera Kılıfı;0,5;
3058-Mavi;Neopren Kamera Kılıfı;0,5;
3058-Pembe;Neopren Kamera Kılıfı;0,5;
3058-Siyah;Neopren Kamera Kılıfı;0,5;
3059-Gri;Neopren Kamera Kılıfı;0,5;
3059-Kırmızı;Neopren Kamera Kılıfı;0,5;
3059-Mavi;Neopren Kamera Kılıfı;0,5;
3059-Pembe;Neopren Kamera Kılıfı;0,5;
3059-Siyah;Neopren Kamera Kılıfı;0,5;
3060-Gri;Neopren Kamera Kılıfı;0,5;
3060-Kırmızı;Neopren Kamera Kılıfı;0,5;
3060-Mavi;Neopren Kamera Kılıfı;0,5;
3060-Pembe;Neopren Kamera Kılıfı;0,5;
3060-Siyah;Neopren Kamera Kılıfı;0,5;
3061-Gri;Neopren Kamera Kılıfı;0,5;
3061-Kırmızı;Neopren Kamera Kılıfı;0,5;
3061-Mavi;Neopren Kamera Kılıfı;0,5;
3061-Pembe;Neopren Kamera Kılıfı;0,5;
3061-Sarı/Siyah;Neopren Kamera Kılıfı;0,5;
3061-Siyah;Neopren Kamera Kılıfı;0,5;
3062-Gri;Neopren Kamera Kılıfı;0,5;
3062-Kırmızı;Neopren Kamera Kılıfı;0,5;
3062-Mavi;Neopren Kamera Kılıfı;0,5;
3062-Pembe;Neopren Kamera Kılıfı;0,5;
3062-Siyah;Neopren Kamera Kılıfı;0,5;
3063-Gri;Neopren Kamera Kılıfı;0,5;
3063-Kırmızı;Neopren Kamera Kılıfı;0,5;
3063-Mavi;Neopren Kamera Kılıfı;0,5;
3063-Pembe;Neopren Kamera Kılıfı;0,5;
3063-Siyah;Neopren Kamera Kılıfı;0,5;
3064-Gri;Neopren Kamera Kılıfı;0,5;
3064-Kırmızı;Neopren Kamera Kılıfı;0,5;
3064-Mavi;Neopren Kamera Kılıfı;0,5;
3064-Pembe;Neopren Kamera Kılıfı;0,5;
3064-Siyah;Neopren Kamera Kılıfı;0,5;
3065-Gri;Neopren Kamera Kılıfı;0,5;
3065-Kırmızı;Neopren Kamera Kılıfı;0,5;
3065-Mavi;Neopren Kamera Kılıfı;0,5;
3065-Pembe;Neopren Kamera Kılıfı;0,5;
3065-Siyah;Neopren Kamera Kılıfı;0,5;
3066-Gri;Neopren Kamera Kılıfı;0,5;
3066-Kırmızı;Neopren Kamera Kılıfı;0,5;
3066-Mavi;Neopren Kamera Kılıfı;0,5;
3066-Pembe;Neopren Kamera Kılıfı;0,5;
3066-Siyah;Neopren Kamera Kılıfı;0,5;
3067-Gri;Neopren Kamera Kılıfı;0,5;
3067-Siyah;Neopren Kamera Kılıfı;0,5;
3068-Gri;Neopren Kamera Kılıfı;0,5;
3068-Siyah;Neopren Kamera Kılıfı;0,5;
3069-Siyah;Neopren Kamera Kılıfı;0,5;
3070-Gri;Neopren Kamera Kılıfı;0,5;
3070-Siyah;Neopren Kamera Kılıfı;0,5;
3071-Gri;Neopren Kamera Kılıfı;0,5;
3071-Siyah;Neopren Kamera Kılıfı;0,5;
3072-Gri;Neopren Kamera Kılıfı;0,5;
3072-Siyah;Neopren Kamera Kılıfı;0,5;
3073-Gri;Neopren Kamera Kılıfı;0,5;
3073-Siyah;Neopren Kamera Kılıfı;0,5;
3074-Gri;Neopren Kamera Kılıfı;0,5;
3074-Siyah;Neopren Kamera Kılıfı;0,5;
3075-Gri;Neopren Kamera Kılıfı;0,5;
3075-Siyah;Neopren Kamera Kılıfı;0,5;
3076-Gri;Neopren Kamera Kılıfı;0,5;
3076-Siyah;Neopren Kamera Kılıfı;0,5;
3077-Gri;Neopren Kamera Kılıfı;0,5;
3077-Siyah;Neopren Kamera Kılıfı;0,5;
4001-Kahverengi;Nikon D5500-Dip;0,5;
4001-Siyah;Nikon D5500-Dip URETILMEYECEK YENI ASIN B0FBN8B3KG;0,5;
4001-Taba;Nikon D5500-Dip;0,5;
4002-Kahverengi;Olympus M1-Dip;0,5;
4002-Siyah;Olympus M1-Dip;0,5;
4002-Taba;Olympus M1-Dip;0,5;
4003-Kahverengi;Sony A6300-Dip;0,5;
4003-Siyah;Sony A6300-Dip;0,5;
4003-Taba;Sony A6300-Dip;0,5;
4004-Kahverengi;Canon 760D-Dip Açılır URETILMEYECEK YENI ASIN B0FBNB34VQ;0,5;
4004-Kırmızı;Canon 760D-Dip Açılır;0,5;
4004-Siyah;Canon 760D-Dip Açılır;0,5;
4004-Taba;Canon 760D-Dip Açılır;0,5;
4005-Kahverengi;Canon G5X-Dip Açılır;0,5;
4005-Siyah;Canon G5X-Dip Açılır;0,5;
4005-Taba;Canon G5X-Dip Açılır;0,5;
4006-Kahverengi;Canon G7X-Dip Açılır;0,5;
4006-Siyah;Canon G7X-Dip Açılır;0,5;
4006-Taba;Canon G7X-Dip Açılır;0,5;
4007-Kahverengi;Canon M5-Dip Açılır;0,5;
4007-Siyah;Canon M5-Dip Açılır;0,5;
4007-Taba;Canon M5-Dip Açılır;0,5;
4008-Kahverengi;Canon M6(18-150)-Dip Açılır;0,5;
4008-Siyah;Canon M6(18-150)-Dip Açılır;0,5;
4008-Taba;Canon M6(18-150)-Dip Açılır;0,5;
4009-Kahverengi;Fujifilm XA10-Dip Açılır;0,5;
4009-Siyah;Fujifilm XA10-Dip Açılır;0,5;
4009-Taba;Fujifilm XA10-Dip Açılır;0,5;
4010-Kahverengi;Fujifilm XA3-Dip Açılır;0,5;
4010-Siyah;Fujifilm XA3-Dip Açılır URETILMEYECEK B0CP5218TQ;0,5;
4010-Taba;Fujifilm XA3-Dip Açılır;0,5;
4011-Kahverengi;Fujifilm XT10-Dip Açılır;0,5;
4011-Siyah;Fujifilm XT10-Dip Açılır;0,5;
4011-Taba;Fujifilm XT10-Dip Açılır;0,5;
4012-Kahverengi;Fujifilm XT2-Dip Açılır;0,5;
4012-Siyah;Fujifilm XT2-Dip Açılır;0,5;
4012-Taba;Fujifilm XT2-Dip Açılır;0,5;
4013-Gri;Panasonic Lumix GX850-Dip Açılır;0,5;
4013-Kahverengi;Panasonic Lumix GX850-Dip Açılır;0,5;
4013-Siyah;Panasonic Lumix GX850-Dip Açılır;0,5;
4013-Taba;Panasonic Lumix GX850-Dip Açılır;0,5;
4014-Kahverengi;Panasonic Lumix G85-Dip Açılır;0,5;
4014-Siyah;Panasonic Lumix G85-Dip Açılır;0,5;
4014-Taba;Panasonic Lumix G85-Dip Açılır;0,5;
4015-Kahverengi;Panasonic Lumix LX10-Dip Açılır;0,5;
4015-Siyah;Panasonic Lumix LX10-Dip Açılır;0,5;
4015-Taba;Panasonic Lumix LX10-Dip Açılır;0,5;
4016-Beyaz;Nikon D3400-Dip Açılır;0,5;
4016-Kahverengi;Nikon D3400-Dip Açılır;0,5;
4016-Kırmızı;Nikon D3400-Dip Açılır;0,5;
4016-Siyah;Nikon D3400-Dip Açılır;0,5;
4016-Taba;Nikon D3400-Dip Açılır;0,5;
4017-Kahverengi;Nikon P900-Dip Açılır;0,5;
4017-Siyah;Nikon P900-Dip Açılır;0,5;
4017-Taba;Nikon P900-Dip Açılır;0,5;
4018-Kahverengi;Olympus EPL8 Dip Açılır;0,5;
4018-Siyah;Olympus EPL8 Dip Açılır;0,5;
4018-Taba;Olympus EPL8 Dip Açılır;0,5;
4019-Kahverengi;Olympus M10 MII-Dip Açılır;0,5;
4019-Siyah;Olympus M10 MII-Dip Açılır;0,5;
4019-Taba;Olympus M10 MII-Dip Açılır;0,5;
4020-Kahverengi;Olympus M5-Dip Açılır;0,5;
4020-Siyah;Olympus M5-Dip Açılır;0,5;
4020-Taba;Olympus M5-Dip Açılır;0,5;
4021-Kahverengi;Panasonic Lumix LX100-Dip Açılır;0,5;
4021-Siyah;Panasonic Lumix LX100-Dip Açılır;0,5;
4021-Taba;Panasonic Lumix LX100-Dip Açılır URETILMEYECEK YENI ASIN B0FBNHB46M;0,5;
4022-Beyaz;Sony A5000-Dip Açılır;0,5;
4022-Gri;Sony A5000-Dip Açılır;0,5;
4022-Kahverengi;Sony A5000-Dip Açılır;0,5;
4022-Pembe;Sony A5000-Dip Açılır;0,5;
4022-Siyah;Sony A5000-Dip Açılır;0,5;
4022-Taba;Sony A5000-Dip Açılır;0,5;
4023-Beyaz;Sony A6000-Dip Açılır;0,5;
4023-Gri;Sony A6000-Dip Açılır;0,5;
4023-Kahverengi;Sony A6000-Dip Açılır;0,5;
4023-Pembe;Sony A6000-Dip Açılır;0,5;
4023-Siyah;Sony A6000-Dip Açılır;0,5;
4023-Taba;Sony A6000-Dip Açılır;0,5;
4024-Beyaz;Sony A6500 (18-135)-Dip Açılır;0,5;
4024-Gri;Sony A6500 (18-135)-Dip Açılır;0,5;
4024-Kahverengi;Sony A6500 (18-135)-Dip Açılır;0,5;
4024-Pembe;Sony A6500 (18-135)-Dip Açılır;0,5;
4024-Siyah;Sony A6500 (18-135)-Dip Açılır;0,5;
4024-Taba;Sony A6500 (18-135)-Dip Açılır;0,5;
4025-Kahverengi;Sony A7-Dip Açılır;0,5;
4025-Siyah;Sony A7-Dip Açılır;0,5;
4025-Taba;Sony A7-Dip Açılır;0,5;
4026-Kahverengi;Sony RX10 MIII-Dip Açılır;0,5;
4026-Siyah;Sony RX10 MIII-Dip Açılır;0,5;
4026-Taba;Sony RX10 MIII-Dip Açılır;0,5;
4027-Gri;Canon G16;0,5;
4027-Kahverengi;Canon G16;0,5;
4027-Siyah;Canon G16;0,5;
4027-Taba;Canon G16;0,5;
4028-Kahverengi;Canon G9X;0,5;
4028-Siyah;Canon G9X;0,5;
4028-Taba;Canon G9X;0,5;
4029-Kahverengi;Canon M3;0,5;
4029-Siyah;Canon M3;0,5;
4029-Taba;Canon M3;0,5;
4030-Kahverengi;Canon M10;0,5;
4030-Siyah;Canon M10;0,5;
4030-Taba;Canon M10;0,5;
4031-Gri;Canon SX720;0,5;
4031-Kahverengi;Canon SX720;0,5;
4031-Siyah;Canon SX720;0,5;
4031-Taba;Canon SX720;0,5;
4032-Kahverengi;Fujifilm X70-İptal;0,5;
4032-Siyah;Fujifilm X70-İptal;0,5;
4032-Taba;Fujifilm X70-İptal;0,5;
4033-Kahverengi;Nikon P900-Dip;0,5;
4033-Siyah;Nikon P900-Dip;0,5;
4033-Taba;Nikon P900-Dip;0,5;
4034-Beyaz;Nikon J5;0,5;
4034-Kahverengi;Nikon J5;0,5;
4034-Siyah;Nikon J5;0,5;
4034-Taba;Nikon J5;0,5;
4035-Kahverengi;Nikon B700-Dip Açılır;0,5;
4035-Siyah;Nikon B700-Dip Açılır;0,5;
4035-Taba;Nikon B700-Dip Açılır;0,5;
4036-Beyaz;Samsung NX500-Dip Açılır;0,5;
4036-Kahverengi;Samsung NX500-Dip Açılır;0,5;
4036-Siyah;Samsung NX500-Dip Açılır;0,5;
4037-Kahverengi;Sony HX90;0,5;
4037-Siyah;Sony HX90;0,5;
4037-Taba;Sony HX90;0,5;
4038-Gri;Sony RX100;0,5;
4038-Kahverengi;Sony RX100;0,5;
4038-Kırmızı;Sony RX100;0,5;
4038-Siyah;Sony RX100;0,5;
4038-Taba;Sony RX100;0,5;
4039-Beyaz;Universal Dikey;0,5;
4039-Gri;Universal Dikey;0,5;
4039-Kahverengi;Universal Dikey;0,5;
4039-Kırmızı;Universal Dikey;0,5;
4039-Pembe;Universal Dikey;0,5;
4039-Siyah;Universal Dikey;0,5;
4039-Taba;Universal Dikey;0,5;
4040-Beyaz;Universal Yatay;0,5;
4040-Gri;Universal Yatay;0,5;
4040-Kahverengi;Universal Yatay;0,5;
4040-Kırmızı;Universal Yatay;0,5;
4040-Pembe;Universal Yatay;0,5;
4040-Siyah;Universal Yatay;0,5;
4040-Taba;Universal Yatay;0,5;
4041-Gri;Universal Yatay-İnce;0,5;
4041-Kahverengi;Universal Yatay-İnce;0,5;
4041-Kırmızı;Universal Yatay-İnce;0,5;
4041-Pembe;Universal Yatay-İnce;0,5;
4041-Siyah;Universal Yatay-İnce;0,5;
4041-Taba;Universal Yatay-İnce;0,5;
4042-Gri;Panasonic Lumix GX85(12-32)-Dip Açılır;0,5;
4042-Kahverengi;Panasonic Lumix GX85(12-32)-Dip Açılır;0,5;
4042-Siyah;Panasonic Lumix GX85(12-32)-Dip Açılır URETILMEYECEK YENI ASIN B0FBMZTZLX;0,5;
4042-Taba;Panasonic Lumix GX85(12-32)-Dip Açılır;0,5;
4043-Kahverengi;Canon M100-Dip Açılır;0,5;
4043-Siyah;Canon M100-Dip Açılır;0,5;
4043-Taba;Canon M100-Dip Açılır URETILMEYECEK YENI ASIN B0FBNLKQ76;0,5;
4048-Gri;Samsung NX3000;0,5;
4049-Kahverengi;Canon 77D-Dip Açılır;0,5;
4049-Siyah;Canon 77D-Dip Açılır;0,5;
4049-Taba;Canon 77D-Dip Açılır;0,5;
4050-Kahverengi;Panasonic Lumix FZ80-Dip Açılır;0,5;
4050-Siyah;Panasonic Lumix FZ80-Dip Açılır;0,5;
4050-Taba;Panasonic Lumix FZ80-Dip Açılır;0,5;
4051-Kahverengi;Fujifilm XT10-Dip;0,5;
4051-Siyah;Fujifilm XT10-Dip;0,5;
4051-Taba;Fujifilm XT10-Dip;0,5;
4052-Kahverengi;Sony A7-Dip;0,5;
4052-Siyah;Sony A7-Dip;0,5;
4052-Taba;Sony A7-Dip URETILMEYECEK YENI ASIN B0FBN96QBG;0,5;
4053-Gri;Panasonic Lumix ZS70-Dip Açılır;0,5;
4053-Kahverengi;Panasonic Lumix ZS70-Dip Açılır;0,5;
4053-Kırmızı;Panasonic Lumix ZS70-Dip Açılır URETILMEYECEK YENI ASIN B0FBNC3R6N;0,5;
4053-Siyah;Panasonic Lumix ZS70-Dip Açılır;0,5;
4053-Taba;Panasonic Lumix ZS70-Dip Açılır;0,5;
4054-Kahverengi;Canon SX730;0,5;
4054-Siyah;Canon SX730;0,5;
4054-Taba;Canon SX730;0,5;
4055-Gri;Sony A6500 (16-50)-Dip Açılır;0,5;
4055-Kahverengi;Sony A6500 (16-50)-Dip Açılır;0,5;
4055-Kırmızı;Sony A6500 (16-50)-Dip Açılır;0,5;
4055-Pembe;Sony A6500 (16-50)-Dip Açılır;0,5;
4055-Siyah;Sony A6500 (16-50)-Dip Açılır;0,5;
4055-Taba;Sony A6500 (16-50)-Dip Açılır;0,5;
4056-Beyaz;Leica Sofort;0,5;
4056-Kahverengi;Leica Sofort;0,5;
4056-Kırmızı;Leica Sofort;0,5;
4056-Siyah;Leica Sofort;0,5;
4056-Taba;Leica Sofort;0,5;
4057-Kahverengi;Canon G7X-Dip;0,5;
4057-Siyah;Canon G7X-Dip;0,5;
4057-Taba;Canon G7X-Dip;0,5;
4058-Kahverengi;Olympus M10-Dip URETILMEYECEK B0CP51ZYRG;0,5;
4058-Siyah;Olympus M10-Dip;0,5;
4058-Taba;Olympus M10-Dip;0,5;
4059-Kahverengi;Sony A5100-Dip;0,5;
4059-Siyah;Sony A5100-Dip;0,5;
4059-Taba;Sony A5100-Dip;0,5;
4060-Kahverengi;Panasonic Lumix GX85-Dip URETILMEYECEK YENI ASIN B0FBN2KW71;0,5;
4060-Siyah;Panasonic Lumix GX85-Dip;0,5;
4060-Taba;Panasonic Lumix GX85-Dip;0,5;
4061-Kahverengi;Canon SL2-Dip;0,5;
4061-Kırmızı;Canon SL2-Dip;0,5;
4061-Siyah;Canon SL2-Dip;0,5;
4061-Taba;Canon SL2-Dip;0,5;
4062-Kahverengi;Canon SL2-Dip Açılır URETILMEYECEK YENI ASIN B0FBNKB4MC;0,5;
4062-Kırmızı;Canon SL2-Dip Açılır URETILMEYECEK YENI ASIN B0FBNQBNHQ;0,5;
4062-Siyah;Canon SL2-Dip Açılır;0,5;
4062-Taba;Canon SL2-Dip Açılır;0,5;
4063-Kahverengi;Olympus M5-Dip;0,5;
4063-Siyah;Olympus M5-Dip;0,5;
4063-Taba;Olympus M5-Dip;0,5;
4064-Beyaz;Olympus M10 MIII-Dip Açılır URETILMEYECEK YENI ASIN B0FBNK75CF;0,5;
4064-Gri;Olympus M10 MIII-Dip Açılır;0,5;
4064-Kahverengi;Olympus M10 MIII-Dip Açılır;0,5;
4064-Siyah;Olympus M10 MIII-Dip Açılır;0,5;
4064-Taba;Olympus M10 MIII-Dip Açılır;0,5;
4065-Beyaz;Olympus M10 MIII-Dip URETILMEYECEK YENI ASIN B0FBNKD5B8;0,5;
4065-Gri;Olympus M10 MIII-Dip;0,5;
4065-Kahverengi;Olympus M10 MIII-Dip;0,5;
4065-Siyah;Olympus M10 MIII-Dip;0,5;
4065-Taba;Olympus M10 MIII-Dip;0,5;
4066-Kahverengi;Canon G1X MIII-Dip Açılır;0,5;
4066-Siyah;Canon G1X MIII-Dip Açılır;0,5;
4066-Taba;Canon G1X MIII-Dip Açılır;0,5;
4067-Kahverengi;Canon G1X MIII-Dip;0,5;
4067-Siyah;Canon G1X MIII-Dip;0,5;
4067-Taba;Canon G1X MIII-Dip;0,5;
4068-Beyaz;Canon M50-Dip Açılır;0,5;
4068-Kahverengi;Canon M50-Dip Açılır;0,5;
4068-Siyah;Canon M50-Dip Açılır;0,5;
4068-Taba;Canon M50-Dip Açılır;0,5;
4069-Beyaz;Olympus EPL9 Dip Açılır;0,5;
4069-Gri;Olympus EPL9 Dip Açılır;0,5;
4069-Kahverengi;Olympus EPL9 Dip Açılır;0,5;
4069-Siyah;Olympus EPL9 Dip Açılır;0,5;
4069-Taba;Olympus EPL9 Dip Açılır -B0CNR388HD - URETILMEYECEK;0,5;
4070-Kahverengi;Panasonic Lumix DC GF10 Dip Açılır;0,5;
4070-Siyah;Panasonic Lumix DC GF10 Dip Açılır;0,5;
4070-Taba;Panasonic Lumix DC GF10 Dip Açılır;0,5;
4071-Beyaz;Universal Dikey Küçük;0,5;
4071-Gri;Universal Dikey Küçük;0,5;
4071-Kahverengi;Universal Dikey Küçük;0,5;
4071-Kırmızı;Universal Dikey Küçük;0,5;
4071-Pembe;Universal Dikey Küçük;0,5;
4071-Siyah;Universal Dikey Küçük;0,5;
4071-Taba;Universal Dikey Küçük;0,5;
4072-Kahverengi;Fujifilm XF10-Dip Açılır;0,5;
4072-Siyah;Fujifilm XF10-Dip Açılır;0,5;
4073-Kahverengi;Nikon D3500-Dip Açılır URETILMEYECEK YENI ASIN B0FBNPKFFP;0,5;
4073-Siyah;Nikon D3500-Dip Açılır URETILMEYECEK YENI ASIN B0FBN9HN3W;0,5;
4073-Taba;Nikon D3500-Dip Açılır;0,5;
4074-Kahverengi;Canon SX70-Dip Acilir;0,5;
4074-Siyah;Canon SX70-Dip Acilir;0,5;
4074-Taba;Canon SX70-Dip Acilir;0,5;
4075-Kahverengi;Canon SX70 Dip;0,5;
4075-Siyah;Canon SX70 Dip;0,5;
4075-Taba;Canon SX70 Dip;0,5;
4076-Kahverengi;Canon 2000D-Dip Açılır;0,5;
4076-Kırmızı;Canon 2000D-Dip Açılır;0,5;
4076-Siyah;Canon 2000D-Dip Açılır;0,5;
4076-Taba;Canon 2000D-Dip Açılır;0,5;
4077-Gri;Sony A6400-Dip Açılır (16-50);0,5;
4077-Kahverengi;Sony A6400-Dip Açılır (16-50);0,5;
4077-Siyah;Sony A6400-Dip Açılır (16-50);0,5;
4077-Taba;Sony A6400-Dip Açılır (16-50);0,5;
4078-Gri;Sony A6400-Dip Açılır(18-135);0,5;
4078-Kahverengi;Sony A6400-Dip Açılır(18-135);0,5;
4078-Siyah;Sony A6400-Dip Açılır(18-135);0,5;
4078-Taba;Sony A6400-Dip Açılır(18-135);0,5;
4079-Kahverengi;Nikon B600-Dip Açılır;0,5;
4079-Siyah;Nikon B600-Dip Açılır;0,5;
4079-Taba;Nikon B600-Dip Açılır;0,5;
4080-Kahverengi;Panasonic Lumix FZ1000 MK2-Dip Açılır;0,5;
4080-Siyah;Panasonic Lumix FZ1000 MK2-Dip Açılır URETILMEYECEK YENI ASIN B0FBN8FZZV;0,5;
4080-Taba;Panasonic Lumix FZ1000 MK2-Dip Açılır URETILMEYECEK YENI ASIN B0FBNGWXXN;0,5;
4081-Kahverengi;Canon G5 MK2-Dip Açılır;0,5;
4081-Siyah;Canon G5 MK2-Dip Açılır;0,5;
4081-Taba;Canon G5 MK2-Dip Açılır;0,5;
4082-Kahverengi;Canon G7 MK3-Dip Açılır;0,5;
4082-Siyah;Canon G7 MK3-Dip Açılır;0,5;
4082-Taba;Canon G7 MK3-Dip Açılır;0,5;
4083-Kahverengi;Canon 4000D-Dip Açılır;0,5;
4083-Siyah;Canon 4000D-Dip Açılır;0,5;
4083-Taba;Canon 4000D-Dip Açılır;0,5;
4084-Kahverengi;Canon M6 Mark II Dip;0,5;
4084-Siyah;Canon M6 Mark II Dip;0,5;
4084-Taba;Canon M6 Mark II Dip;0,5;
4085-Kahverengi;Nikon P950 Dip Açılır;0,5;
4085-Siyah;Nikon P950 Dip Açılır;0,5;
4085-Taba;Nikon P950 Dip Açılır;0,5;
4087-Kahverengi;Sony Rx100 MK7-Dip Açılır;0,5;
4087-Siyah;Sony Rx100 MK7-Dip Açılır;0,5;
4087-Taba;Sony Rx100 MK7-Dip Açılır;0,5;
4088-Kahverengi;Canon M6 Mark II 18-150 Lens Dip Açılır;0,5;
4088-Siyah;Canon M6 Mark II 18-150 Lens Dip Açılır - B0CNBR9MY8 - URETILMEYECEK -;0,5;
4088-Taba;Canon M6 Mark II 18-150 Lens Dip Açılır;0,5;
4089-Kahverengi;Canon M6 Mark II 15-45 Lens Dip Açılır URETILMEYECEK YENI ASIN B0FBNBPH4F;0,5;
4089-Siyah;Canon M6 Mark II 15-45 Lens Dip Açılır URETILMEYECEK YENI ASIN B0FBNQCYGN;0,5;
4089-Taba;Canon M6 Mark II 15-45 Lens Dip Açılır URETILMEYECEK YENI ASIN B0FBNNLVW9;0,5;
4090-Kahverengi;Fujifilm XA7 Dip Açılır;0,5;
4090-Siyah;Fujifilm XA7 Dip Açılır;0,5;
4090-Taba;Fujifilm XA7 Dip Açılır;0,5;
4091-Kahverengi;Fujifilm XA7 Dip;0,5;
4091-Siyah;Fujifilm XA7 Dip;0,5;
4091-Taba;Fujifilm XA7 Dip;0,5;
4092-Kahverengi;Sony A6600 Dip Açılır;0,5;
4092-Siyah;Sony A6600 Dip Açılır;0,5;
4092-Taba;Sony A6600 Dip Açılır;0,5;
4093-Kahverengi;Sony A6600 Dip URETILMEYECEK YENI ASIN B0FBNGG2VM;0,5;
4093-Siyah;Sony A6600 Dip URETILMEYECEK YENI ASIN B0FBNL3JRR;0,5;
4093-Taba;Sony A6600 Dip;0,5;
5001-Kahverengi;Fujifilm X100F-Dip Açılır;0,5;
5001-Siyah;Fujifilm X100F-Dip Açılır;0,5;
5002-Kahverengi;Fujifilm X100F-Dip;0,5;
5002-Siyah;Fujifilm X100F-Dip;0,5;
5004-Kahverengi;Sony A6000-Dip Açılır;0,5;
5004-Siyah;Sony A6000-Dip Açılır;0,5;
5005-Kahverengi;Sony A6500-Dip URETILMEYECEK YENI ASIN B0FBNDKB5Z;0,5;
5005-Siyah;Sony A6500-Dip URETILMEYECEK YENI ASIN B0FBNHPFBW;0,5;
5006-Kahverengi;Sony A6500 (16-50)-Dip Açılır;0,5;
5006-Siyah;Sony A6500 (16-50)-Dip Açılır;0,5;
5007-Kahverengi;Sony A7-Dip URETILMEYECEK YENI ASIN B0FBNLJ5NQ;0,5;
5007-Siyah;Sony A7-Dip URETILMEYECEK YENI ASIN B0FBNGTGZ9;0,5;
5008-Kahverengi;Sony A99-Dip;0,5;
5008-Siyah;Sony A99-Dip;0,5;
5009-Kahverengi;Sony RX100;0,5;
5009-Siyah;Sony RX100;0,5;
5010-Kahverengi;Canon 800D-Dip Açılır URETILMEYECEK YENI ASIN B0FBNQ62HB;0,5;
5010-Siyah;Canon 800D-Dip Açılır URETILMEYECEK YENI ASIN B0FBBRP94W;0,5;
5011-Kahverengi;Sony A7-Dip Açılır;0,5;
5011-Siyah;Sony A7-Dip Açılır;0,5;
5012-Kahverengi;Canon SX730;0,5;
5012-Siyah;Canon SX730;0,5;
5013-Kahverengi;Nikon D7500-Dip;0,5;
5013-Siyah;Nikon D7500-Dip;0,5;
5014-Kahverengi;Sony A9-Dip;0,5;
5014-Siyah;Sony A9-Dip;0,5;
5015-Kahverengi;Canon M6(18-150)-Dip Açılır;0,5;
5015-Siyah;Canon M6(18-150)-Dip Açılır;0,5;
5016-Kahverengi;Leica C-Dip Açılır;0,5;
5016-Siyah;Leica C-Dip Açılır;0,5;
5017-Kahverengi;Leica VLUX-Dip Açılır;0,5;
5017-Siyah;Leica VLUX-Dip Açılır;0,5;
5018-Kahverengi;Panasonic Lumix DC ZS220-Dip Açılır;0,5;
5018-Siyah;Panasonic Lumix DC ZS220-Dip Açılır;0,5;
5019-Kahverengi;Canon M10;0,5;
5019-Siyah;Canon M10;0,5;
5020-Kahverengi;Sony A6500 (16-70)-Dip Açılır;0,5;
5020-Siyah;Sony A6500 (16-70)-Dip Açılır;0,5;
5021-Kahverengi;Leica TL2 Dip;0,5;
5021-Siyah;Leica TL2 Dip;0,5;
5021-Yeşil;Leica TL2 Dip;0,5;
5022-Kahverengi;Fujifilm XE3-Dip Açılır;0,5;
5022-Siyah;Fujifilm XE3-Dip Açılır - B0CN6KFSGK - URETILMEYECEK;0,5;
5023-Yeşil;Fujifilm XE3-Dip Açılır;0,5;
5024-Kahverengi;Fujifilm XE3-Dip URETILMEYECEK YENI ASIN B0FBNLHGRR;0,5;
5024-Siyah;Fujifilm XE3-Dip;0,5;
5025-Haki;Fujifilm XE3-Dip;0,5;
5026-Kahverengi;Leica Q-Dip Açılır;0,5;
5026-Siyah;Leica Q-Dip Açılır;0,5;
5027-Kahverengi;Leica Q-Dip;0,5;
5027-Siyah;Leica Q-Dip;0,5;
5028-Kahverengi;Panasonic Lumix GX9-Dip;0,5;
5028-Siyah;Panasonic Lumix GX9-Dip URETILMEYECEK YENI ASIN B0FBN6437N;0,5;
5029-Kahverengi;Panasonic Lumix DC GF10 Dip;0,5;
5029-Siyah;Panasonic Lumix DC GF10 Dip;0,5;
5030-Kahverengi;Lecia CL-Dip;0,5;
5030-Siyah;Lecia CL-Dip;0,5;
5031-Kahverengi;Fujifilm XT100-Dip Açılır;0,5;
5031-Siyah;Fujifilm XT100-Dip Açılır;0,5;
5032-Kahverengi;Fujifilm XT100-Dip;0,5;
5032-Siyah;Fujifilm XT100-Dip;0,5;
5033-Kahverengi;Nikon P1000-Dip;0,5;
5033-Siyah;Nikon P1000-Dip URETILMEYECEK YENI ASIN B0FBNLHLH1;0,5;
5034-Kahverengi;Fujifilm XT3-Dip Açılır;0,5;
5034-Siyah;Fujifilm XT3-Dip Açılır;0,5;
5035-Kahverengi;Fujifilm XT3-Dip;0,5;
5035-Siyah;Fujifilm XT3-Dip;0,5;
5036-Kahverengi;Canon R-Dip;0,5;
5036-Siyah;Canon R-Dip;0,5;
5037-Kahverengi;Panasonic Lumix LX100 MII-Dip Açılır;0,5;
5037-Siyah;Panasonic Lumix LX100 MII-Dip Açılır URETILMEYECEK YENI ASIN B0FBNMP8HQ;0,5;
5038-Kahverengi;Panasonic Lumix LX100 MII-Dip;0,5;
5038-Siyah;Panasonic Lumix LX100 MII-Dip;0,5;
5039-Kahverengi;Leica D-Lux 7-Dip Açılır;0,5;
5039-Siyah;Leica D-Lux 7-Dip Açılır;0,5;
5040-Kahverengi;Leica DLUX7-Dip;0,5;
5040-Siyah;Leica DLUX7-Dip;0,5;
5042-Kahverengi;Diji Osmo Pocket-Soho;0,5;
5042-Siyah;Diji Osmo Pocket-Zaragoza URETILMEYECEK B0CP54TPBW;0,5;
5043-Kahverengi;Sony A6400 -Dip;0,5;
5043-Siyah;Sony A6400 -Dip;0,5;
5044-Kahverengi;Sony A6400-Dip Açılır (16-50);0,5;
5044-Siyah;Sony A6400-Dip Açılır (16-50);0,5;
5045-Camel;Leica D-Lux 7-Dip Açılır;0,5;
5045-Kırmızı;Leica D-Lux 7-Dip Açılır;0,5;
5045-Oliv;Leica D-Lux 7-Dip Açılır;0,5;
5045-Taba;Leica D-Lux 7-Dip Açılır;0,5;
5046-Camel;Leica D-Lux7-Dip;0,5;
5046-Kırmızı;Leica D-Lux7-Dip;0,5;
5046-Oliv;Leica D-Lux7-Dip;0,5;
5046-Taba;Leica D-Lux7-Dip;0,5;
5047-Kahverengi;Sony A6400-Dip Açılır(18-135);0,5;
5047-Siyah;Sony A6400-Dip Açılır(18-135);0,5;
5048-Yeşil;Sony A6400-Dip Açılır(18-135);0,5;
5049-Camel;Sony A6400-Dip Açılır(18-135);0,5;
5049-Taba;Sony A6400-Dip Açılır(18-135);0,5;
5050-Yeşil;Sony A6400-Dip Açılır (16-50);0,5;
5051-Camel;Sony A6400-Dip Açılır (16-50);0,5;
5051-Tarçın;Sony A6400-Dip Açılır (16-50);0,5;
5052-Haki;Sony A6400 -Dip;0,5;
5053-Camel;Sony A6400 -Dip;0,5;
5053-Tarçın;Sony A6400 -Dip;0,5;
5054-Kahverengi;Panasonic Lumix FZ1000 MK2-Dip;0,5;
5054-Siyah;Panasonic Lumix FZ1000 MK2-Dip;0,5;
5055-Camel;Panasonic Lumix FZ1000 MK2-Dip;0,5;
5055-Kırmızı;Panasonic Lumix FZ1000 MK2-Dip;0,5;
5055-Oliv;Panasonic Lumix FZ1000 MK2-Dip;0,5;
5055-Tarçın;Panasonic Lumix FZ1000 MK2-Dip;0,5;
5056-Kahverengi;Leica Q2 Dip;0,5;
5056-Siyah;Leica Q2 Dip;0,5;
5057-Vizon;Leica Q2 Dip;0,5;
5058-Haki;Leica Q2 Dip;0,5;
5059-Kahverengi;Leica TL2 Dip;0,5;
5060-Haki;Canon RP-Dip;0,5;
5060-Vizon;Canon RP-Dip;0,5;
5061-Kahverengi;Canon RP-Dip;0,5;
5061-Siyah;Canon RP-Dip;0,5;
5062-Kahverengi;Sony A6600 Dip Açılır;0,5;
5062-Siyah;Sony A6600 Dip Açılır;0,5;
5063-Kahverengi;Sony Rx100 MK7-Dip Açılır;0,5;
5063-Siyah;Sony Rx100 MK7-Dip Açılır;0,5;
5064-Kahverengi;Nikon Z50 16-50 Lens Dip Açılır;0,5;
5064-Siyah;Nikon Z50 16-50 Lens Dip Açılır;0,5;
5065-Kahverengi;Nikon Z50 50-250 Lens Dip Açılır;0,5;
5065-Siyah;Nikon Z50 50-250 Lens Dip Açılır;0,5;
5066-Kahverengi;Nikon Z50 Dip;0,5;
5066-Siyah;Nikon Z50 Dip;0,5;
5067-Kahverengi;Olympus OM-D E-M5 III-Dip Açılır;0,5;
5067-Siyah;Olympus OM-D E-M5 III-Dip Açılır;0,5;
5068-Kahverengi;Olympus OM-D E-M5 III-Dip;0,5;
5068-Siyah;Olympus OM-D E-M5 III-Dip;0,5;
5069-Kahverengi;Nikon P950 Dip;0,5;
5069-Siyah;Nikon P950 Dip;0,5;
5070-Kahverengi;Fujifilm X-T200 Dip Açılır;0,5;
5070-Siyah;Fujifilm X-T200 Dip Açılır;0,5;
5071-Kahverengi;Fujifilm X-T200 Dip;0,5;
5071-Siyah;Fujifilm X-T200 Dip;0,5;
5072-Kahverengi;Fujifilm X100V Dip Açılır;0,5;
5072-Siyah;Fujifilm X100V Dip Açılır;0,5;
5073-Kahverengi;Fujifilm X100V Dip;0,5;
5073-Siyah;Fujifilm X100V Dip;0,5;
5074-Kahverengi;Fujifilm X-T4 Dip Açılır;0,5;
5074-Siyah;Fujifilm X-T4 Dip Açılır;0,5;
5075-Kahverengi;Fujifilm X-T4 Dip;0,5;
5075-Siyah;Fujifilm X-T4 Dip;0,5;
5076-Kahverengi;Olymus M10 MK4-Dip Açılırlı;0,5;
5076-Siyah;Olymus M10 MK4-Dip Açılırlı;0,5;
5077-Kahverengi;Olymus M10 MK4-Dip;0,5;
5077-Siyah;Olymus M10 MK4-Dip;0,5;
5078-Kahverengi;Nikon Z5 - Dip Açılır;0,5;
5078-Siyah;Nikon Z5 - Dip Açılır;0,5;
5079-Kahverengi;Nikon Z5 - Dip;0,5;
5079-Siyah;Nikon Z5 - Dip;0,5;
5080-Kahverengi;Sony A7C - Dip Açılır;0,5;
5080-Siyah;Sony A7C - Dip Açılır;0,5;
5081-Kahverengi;Sony A7C - Dip;0,5;
5081-Siyah;Sony A7C - Dip;0,5;
5082-Kahverengi;Fujifilm X-S10 Dip Açılır;0,5;
5082-Siyah;Fujifilm X-S10 Dip Açılır;0,5;
5083-Kahverengi;Fujifilm XS-10 Dip;0,5;
5083-Siyah;Fujifilm XS-10 Dip;0,5;
5084-Kahverengi;Fujifilm X-E4 Dip Açılır;0,5;
5084-Siyah;Fujifilm X-E4 Dip Açılır;0,5;
5085-Kahverengi;Fujifilm X-E4- Dip;0,5;
5085-Siyah;Fujifilm X-E4- Dip;0,5;
5086-Kahverengi;Sony ZV-E10- Dip açılır;0,5;
5086-Siyah;Sony ZV-E10- Dip açılır;0,5;
5087-Kahverengi;Nikon Zfc- Dip açılır;0,5;
5087-Siyah;Nikon Zfc- Dip açılır;0,5;
5088-Kahverengi;Sony ZV-E10-Dip;0,5;
5088-Siyah;Sony ZV-E10-Dip;0,5;
5089-Kahverengi;Nikon Zfc-Dip;0,5;
5089-Siyah;Nikon Zfc-Dip;0,5;
5090-Kahverengi;Nikon Z30 Dip açılır;0,5;
5090-Siyah;Nikon Z30 Dip açılır;0,5;
5091-Kahverengi;Nikon Z30-Dip;0,5;
5091-Siyah;Nikon Z30-Dip;0,5;
5092-Kahverengi;Fujifilm X-T5 Dip Açılır;0,5;
5092-Siyah;Fujifilm X-T5 Dip Açılır;0,5;
5093-Kahverengi;Fujifilm X-T5 Dip;0,5;
5093-Siyah;Fujifilm X-T5 Dip;0,5;
5094-Kahverengi;Fujifilm XT30-Dip Açılır;0,5;
5094-Siyah;Fujifilm XT30-Dip Açılır;0,5;
5095-Kahverengi;Fujifilm XT30-Dip;0,5;
5095-Siyah;Fujifilm XT30-Dip;0,5;
5096-Kahverengi;Sony A7C II - Dip;0,5;
5096-Siyah;Sony A7C II - Dip;0,5;
5097-Kahverengi;Sony A6700 Dip;0,5;
5097-Siyah;Sony A6700 Dip;0,5;
5098-Kahverengi;Sony A6700 Dip Açılır;0,5;
5098-Siyah;Sony A6700 Dip Açılır;0,5;
5099-Kahverengi;Fujifilm X-S20 Dip Açılır;0,5;
5099-Siyah;Fujifilm X-S20 Dip Açılır;0,5;
5100-Kahverengi;Fujifilm X-S20 Dip;0,5;
5100-Siyah;Fujifilm X-S20 Dip;0,5;
5101-Kahverengi;Canon R100-Dip;0,5;
5101-Siyah;Canon R100-Dip;0,5;
5102-Kahverengi;Canon R100-Dip Açılır URETILMEYECEK YENI ASIN B0FBNGSTK3;0,5;
5102-Siyah;Canon R100-Dip Açılır;0,5;
5103-Kahverengi;Fujifilm X100VI - Dip;0,5;
5103-Siyah;Fujifilm X100VI - Dip;0,5;
5104-Kahverengi;Fuj ifilm X100VI - Dip Açılır;0,5;
5104-Siyah;Fuj ifilm X100VI - Dip Açılır;0,5;
5105-Kahverengi;Fujifilm X-T50 - Dip Açılır;0,5;
5105-Siyah;Fujifilm X-T50 - Dip Açılır;0,5;
5106-Kahverengi;Fujifilm X-T50 - Dip;0,5;
5106-Siyah;Fujifilm X-T50 - Dip;0,5;
5107-Kahverengi;Fujifilm X-M5-Dip Açılır;0,5;
5107-Siyah;Fujifilm X-M5-Dip Açılır;0,5;
5108-Kahverengi;Fujifilm X-M5 Dip;0,5;
5108-Siyah;Fujifilm X-M5 Dip;0,5;
6001-Beyaz;Kumandalık Otto-Suni Deri;0,5;
6001-Kahverengi;Kumandalık Otto-Suni Deri;0,5;
6001-Kırmızı;Kumandalık Otto-Suni Deri;0,5;
6001-Siyah;Kumandalık Otto-Suni Deri;0,5;
6001-Taba;Kumandalık Otto-Suni Deri;0,5;
6002-Taba;Kumandalık Otto-Rustik Döşemelik URETILMEYECEK;0,5;
6002-Yeşil;Kumandalık Otto-Rustik Döşemelik URETILMEYECEK;0,5;
6003-Beyaz;Büyük Kumandalık;1,5;
6003-Kahverengi;Büyük Kumandalık;1,5;
6003-Kırmızı;Büyük Kumandalık;1,5;
6003-Siyah;Büyük Kumandalık;1,5;
6003-Taba;Büyük Kumandalık;1,5;
6004-Gri;Kemer Suni Anahtarlık;0,5;
6004-Kahverengi;Kemer Suni Anahtarlık;0,5;
6004-Kırmızı;Kemer Suni Anahtarlık;0,5;
6004-Siyah;Kemer Suni Anahtarlık;0,5;
6004-Taba;Kemer Suni Anahtarlık;0,5;
6005-Mor;Pasaportluk-Flotter ÜRETİLMEYECEK;0,5;
6005-Pembe;Pasaportluk-Flotter ÜRETİLMEYECEK;0,5;
6006-Siyah;Pasaportluk-Rustik ÜRETİLMEYECEK;0,5;
6006-Taba;Pasaportluk-Rustik ÜRETİLMEYECEK;0,5;
6007-Mor;Biletli Pasaportluk;0,5;
6007-Pembe;Biletli Pasaportluk;0,5;
6007-Siyah;Biletli Pasaportluk;0,5;
6007-Taba;Biletli Pasaportluk;0,5;
6010-Dama;Tekstil Kemer-Dama;0,5;
6011-Ethnic;Tekstil Kemer Ethnic-Flotter;0,5;
6012-Beyaz;Kumandalık-MG (Avrupaya Gönderilmeyecek);0,5;
6012-Kahverengi;Kumandalık-MG (Avrupaya Gönderilmeyecek);0,5;
6012-Kırmızı;Kumandalık-MG (Avrupaya Gönderilmeyecek);0,5;
6012-Siyah;Kumandalık-MG (Avrupaya Gönderilmeyecek);0,5;
6012-Taba;Kumandalık-MG (Avrupaya Gönderilmeyecek);0,5;
6013-Kahverengi;Bilek Strap;0,5;
6013-Siyah;Bilek Strap;0,5;
6015-Beyaz;Organizer-Suni Deri (iç astar beyaz);0,5;
6015-Kahverengi;Organizer-Suni Deri (iç astar kızıl);0,5;
6015-Kırmızı;Organizer-Suni Deri (iç astar beyaz);0,5;
6015-Siyah;Organizer-Suni Deri (iç astar beyaz);0,5;
6015-Taba;Organizer-Suni Deri (iç astar kızıl);0,5;
6018-Kahverengi;Pasaportluk-Suni Deri;0,5;
6018-Kırmızı;Pasaportluk-Suni Deri;0,5;
6018-Siyah;Pasaportluk-Suni Deri;0,5;
6018-Taba;Pasaportluk-Suni Deri;0,5;
6019-Kahverengi;Vespa Anahtarlık;0,5;
6020-Beyaz;Mouse Pad Suni Deri;0,5;
6020-Kahverengi;Mouse Pad-Suni Deri;0,5;
6020-Siyah;Mouse Pad-Suni Deri (Kirmizi dikişli);0,5;
6020-Taba;Mouse Pad-Suni Deri;0,5;
6021-Beyaz;Mose Pad Oval;0,5;
6021-Kahverengi;Mose Pad Oval;0,5;
6021-Siyah;Mouse Pad Oval;0,5;
6021-Taba;Mose Pad Oval;0,5;
6022-Kahverengi;Kemer-Suni Deri;0,5;
6022-Siyah;Kemer-Suni Deri -3 CM;0,5;
6022-Taba;Kemer-Suni Deri;0,5;
6024-Taba/Kahverengi;Bardak Altlığı;0,5;
6025-Mor;Fermuarlı Kalemlik;0,5;
6025-Pembe;Fermuarlı Kalemlik;0,5;
6025-Siyah;Fermuarlı Kalemlik;0,5;
6025-Taba;Fermuarlı Kalemlik;0,5;
6027-Kahverengi;Retro Kalemlik-Soho;0,5;
6027-Mavi;Retro Kalemlik;0,5;
6027-Siyah;Retro Kalemlik;0,5;
6027-Vizon;Retro Kalemlik;0,5;
6028-Kahverengi;Çivili Kalemlik;0,5;
6028-Siyah;Çivili Kalemlik;0,5;
6030-Kahverengi;Bilek Strap-Soho;0,5;
6030-Mavi;Bilek Strap;0,5;
6030-Siyah;Bilek Strap;0,5;
6030-Vizon;Bilek Strap;0,5;
6033-Kahverengi;Şaraplık;1;
6033-Siyah;Şaraplık;1;
6035-Beyaz;Geniş Mouse Pad-Suni Deri;0,5;
6035-Gri;Geniş Mouse Pad-Suni Deri;0,5;
6035-Kahverengi;Geniş Mouse Pad-Suni Deri;0,5;
6035-Kırmızı;Geniş Mouse Pad-Suni Deri;0,5;
6035-Siyah;Geniş Mouse Pad-Suni Deri;0,5;
6035-Taba;Geniş Mouse Pad-Suni Deri;0,5;
6037-Kahverengi;Airpod Kılıf-Soho;0,5;
6037-Mavi;Airpod Kılıf-Crazy;0,5;
6037-Siyah;Airpod Kılıf-Vejıtal;0,5;
6039-Camel;Retro Kalemlik;0,5;
6039-Kırmızı;Retro Kalemlik;0,5;
6039-Oliv;Retro Kalemlik;0,5;
6039-Taba;Retro Kalemlik;0,5;
6040-Camel;ORGANİZER DERİ-TIGER;0,5;
6040-Kırmızı;ORGANİZER DERİ-TIGER;0,5;
6040-Oliv;ORGANİZER DERİ-TIGER;0,5;
6040-Taba;ORGANİZER DERİ-TIGER;0,5;
6041-Camel;Şaraplık;1;
6041-Kırmızı;Şaraplık;1;
6041-Oliv;Şaraplık;1;
6041-Taba;Şaraplık;1;
6042-Camel;Çivili Kalemlik-TİGER DERİ;0,5;
6042-Kırmızı;Çivili Kalemlik-TİGER DERİ;0,5;
6042-Oliv;Çivili Kalemlik-TİGER DERİ;0,5;
6042-Taba;Çivili Kalemlik-TİGER DERİ;0,5;
6044-Camel;Çivili Gözlük Kılıfı-Tiger Deri;0,5;
6044-Kırmızı;Çivili Gözlük Kılıfı-Tiger Deri;0,5;
6044-Oliv;Çivili Gözlük Kılıfı-Tiger Deri;0,5;
6044-Taba;Çivili Gözlük Kılıfı-Tiger Deri;0,5;
6045-Siyah;Çivili Gözlük Kılıfı-Soho;0,5;
6046-Camel;Mıknatıslı Gözlük Kılıfı-Tiger Deri;0,5;
6046-Kırmızı;Mıknatıslı Gözlük Kılıfı-Tiger Deri;0,5;
6046-Oliv;Mıknatıslı Gözlük Kılıfı-Tiger Deri;0,5;
6046-Taba;Mıknatıslı Gözlük Kılıfı-Tiger Deri;0,5;
6047-Mavi;MIKNATISLI GÖZLÜK KILIFI ZARAGOZA;0,5;
6047-Siyah;Mıknatıslı Gözlük Kılıfı-Soho;0,5;
6048-Gri;Oto Organizeri;0,5;
6048-Siyah;Oto Organizeri;0,5;
6048-Taba;Oto Organizeri;0,5;
6050-Bordo;Geniş Mouse Pad-SOHO;0,5;
6050-Haki;Geniş Mouse Pad-SOHO;0,5;
6050-Kahverengi;Geniş Mouse Pad-SOHO;0,5;
6050-Siyah;Geniş Mouse Pad;0,5;
6050-Vizon;Geniş Mouse Pad-SOHO;0,5;
6052-Beyaz;Tombik Kalemlik;0,5;
6052-Kahverengi;Tombik Kalemlik;0,5;
6052-Mavi;Tombik Kalemlik;0,5;
6052-Vizon;Tombik Kalemlik;0,5;
6053-Camel;Tombik Kalemlik;0,5;
6053-Kırmızı;Tombik Kalemlik;0,5;
6053-Oliv;Tombik Kalemlik;0,5;
6053-Taba;Tombik Kalemlik;0,5;
6054-Camel;Hafıza Kartlık -Tiger Deri;0,5;
6054-Kırmızı;Hafıza Kartlık -Tiger Deri;0,5;
6054-Oliv;Hafıza Kartlık -Tiger Deri;0,5;
6054-Taba;Hafıza Kartlık -Tiger Deri;0,5;
6056-Kahverengi;Hafıza Kartlık-Soho;0,5;
6056-Mavi;Hafıza Kartlık;0,5;
6056-Siyah;Hafıza Kartlık;0,5;
6058-Tarçın;Deri Kulaklık Toplayıcı;0,5;
6059-Haki;Strap Coton Small;0,5;
6059-Kahverengi;Strap Coton Small;0,5;
6059-Siyah;Strap Coton Small;0,5;
6059-Vizon;Strap Coton Small;0,5;
6060-Haki;Strap Coton Medıum;0,5;
6060-Kahverengi;Strap Coton Medıum;0,5;
6060-Siyah;Strap Coton Medıum;0,5;
6060-Vizon;Strap Coton Medıum;0,5;
6061-Haki;Strap Coton Large;0,5;
6061-Kahverengi;Strap Coton Large;0,5;
6061-Siyah;Strap Coton Large;0,5;
6061-Vizon;Strap Coton Large;0,5;
6062-Kahverengi;Bardak Altlığı-PREMIUM;0,5;
6062-Siyah;Bardak Altlığı-PREMIUM;0,5;
6062-Taba;Bardak Altlığı-PREMIUM;0,5;
6063-Haki;Strap Coton X;0,5;
6063-Siyah;Strap Coton X;0,5;
6063-Siyah/Kırmızı;Strap Coton X;0,5;
6063-Siyah/Yeşil;Strap Coton X;0,5;
6063-Vizon;Strap Coton X;0,5;
6065-Camel;Strap Coton X;0,5;
6065-Taba;Strap Coton X;0,5;
6066-Camel;Strap Coton Small;0,5;
6066-Taba;Strap Coton Small;0,5;
6067-Camel;Strap Coton Medıum;0,5;
6067-Tarçın;Strap Coton Medıum;0,5;
6068-Camel;Strap Coton Large;0,5;
6068-Taba;Strap Coton Large;0,5;
6069-Siyah/Kırmızı;Strap Coton Small;0,5;
6069-Yeşil;Strap Coton Small;0,5;
6070-Siyah/Kırmızı;Strap Coton Medıum;0,5;
6070-Yeşil;Strap Coton Medıum;0,5;
6071-Siyah/Kırmızı;Strap Coton Large;0,5;
6071-Yeşil;Strap Coton Large;0,5;
6075-Kahverengi;Organizer-Toscano;0,5;
6075-Siyah;Organizer-Soho;0,5;
6076-Haki;Deri Önlük;2,5;
6076-Kahverengi;Deri Önlük;2,5;
6076-Siyah;Deri Önlük;2,5;
6076-Vizon;Deri Önlük;2,5;
6077-Camel;Rulo Kalemlik-Tıger;0,5;
6077-Kırmızı;Rulo Kalemlik-Tiger;0,5;
6077-Taba;Rulo Kalemlik-Toscana;0,5;
6080-Siyah;Rulo Kalemlik-Soho;0,5;
6081-Camel;Küçük Boy Deri Defter Kılıfı;0,5;
6081-Kırmızı;Küçük Boy Deri Defter Kılıfı;0,5;
6081-Taba;Küçük Boy Deri Defter Kılıfı;0,5;
6084-Siyah;Küçük Boy Deri Defter Kılıfı;0,5;
6085-Camel;Orta Boy Deri Defter Kılıfı;0,5;
6085-Kırmızı;Orta Boy Deri Defter Kılıfı;0,5;
6085-Taba;Orta Boy Deri Defter Kılıfı;0,5;
6088-Siyah;Orta Boy Deri Defter Kılıfı;0,5;
6089-Camel;Büyük Boy Deri Defter Kılıfı;1;
6089-Kırmızı;Büyük Boy Deri Defter Kılıfı;1;
6089-Taba;Büyük Boy Deri Defter Kılıfı;1;
6091-Bordo;Mouse Pad;0,5;
6091-Haki;Mouse Pad;0,5;
6091-Kahverengi;Mouse Pad;0,5;
6091-Siyah;Mouse Pad;0,5;
6092-Siyah;Büyük Boy Deri Defter Kılıfı;1;
6093-Taba;Büyük Boy Kilitli Deri Defter Kılıfı;1;
6099-Siyah;Londo Yuvarlak Organizer;0,5;
6100-Kahverengi;Londo Yuvarlak Organizer;0,5;
6101-Kahverengi;2 Bölümlü Retro Kalemlik;0,5;
6101-Mavi;2 Bölümlü Retro Kalemlik;0,5;
6101-Siyah;2 Bölümlü Retro Kalemlik;0,5;
6104-Camel;2 Bölümlü Retro Kalemlik;0,5;
6104-Kırmızı;2 Bölümlü Retro Kalemlik;0,5;
6104-Oliv;2 Bölümlü Retro Kalemlik;0,5;
6104-Taba;2 Bölümlü Retro Kalemlik;0,5;
6107-Camel;Sierra Kemer-Deri;0,5;
6107-Kırmızı;Sierra Kemer-Deri;0,5;
6107-Taba;Sierra Kemer-Deri URETILMEYECEK;0,5;
6108-Bordo/Gri;Kemer-Kanvas;0,5;
6108-Haki/Bej;Kemer-Kanvas;0,5;
6108-Kahverengi/Mavi;Kemer-Kanvas;0,5;
6108-Kahverengi/Siyah;Kemer-Kanvas;0,5;
6112-Siyah;Londo Retro Büyük Tablet Kılıfı;0,5;
6113-Camel;Londo Retro Büyük Tablet Kılıfı;0,5;
6113-Kırmızı;Londo Retro Büyük Tablet Kılıfı;0,5;
6113-Taba;Londo Retro Büyük Tablet Kılıfı;0,5;
6113-Tarçın;Londo Retro Büyük Tablet Kılıfı;0,5;
6114-Siyah;Londo Retro Küçük Tablet Kılıfı;0,5;
6115-Camel;Londo Retro Küçük Tablet Kılıfı;0,5;
6115-Kırmızı;Londo Retro Küçük Tablet Kılıfı;0,5;
6115-Taba;Londo Retro Küçük Tablet Kılıfı;0,5;
6115-Tarçın;Londo Retro Küçük Tablet Kılıfı;0,5;
6116-Haki/Siyah;Büyük Tablet Kılıfı Keçeli;1;
6116-Kahverengi/Siyah;Büyük Tablet Kılıfı Keçeli;1;
6116-Siyah/Siyah;Büyük Tablet Kılıfı Keçeli;1;
6117-Camel/Siyah;Büyük Tablet Kılıfı Keçeli;1;
6117-Kırmızı/Siyah;Büyük Tablet Kılıfı Keçeli;1;
6121-Haki/Siyah;Küçük Tablet Kılıfı Keçeli;0,5;
6121-Kahverengi/Siyah;Küçük Tablet Kılıfı Keçeli;0,5;
6121-Siyah/Siyah;Küçük Tablet Kılıfı Keçeli;0,5;
6124-Camel/Siyah;Küçük Tablet Kılıfı Keçeli;0,5;
6124-Kırmızı/Siyah;Küçük Tablet Kılıfı Keçeli;0,5;
6137-Mavi;Küçük Tablet Kılıfı-Blue Drop - Soho;1;
6138-Mor;Küçük Tablet Kılıfı-Geometrik Mozaik -Floter;1;
6139-Kahverengi;Küçük Tablet Kılıfı-Ethnic - Soho;1;
6140-Siyah;Küçük Tablet Kılıfı-Koton Goblen - Soho;1;
6141-Vizon;Küçük Tablet Kılıfı-Soho - Soho;1;
6142-Camel;Küçük Tablet Kılıfı-Alaska - Tiger;1;
6143-Taba;Küçük Tablet Kılıfı-Penrit -Tiger;1;
6144-Mavi;Büyük Tablet Kılıfı-Blue Drop - Soho;1;
6145-Mor;Büyük Tablet Kılıfı-Geometrik Mozaik -Floter;1;
6146-Kahverengi;Büyük Tablet Kılıfı-Ethnic - Soho;1;
6147-Siyah;Büyük Tablet Kılıfı-Koton Goblen;1;
6148-Vizon;Büyük Tablet Kılıfı-Soho - Soho;1;
6149-Camel;Büyük Tablet Kılıfı-Alaska - Tiger;1;
6150-Taba;Büyük Tablet Kılıfı-Penrit -Tiger;1;
6151-Bordo;Kumandalık Otto-SOHO;0,5;
6151-Haki;Kumandalık Otto-SOHO;0,5;
6151-Kahverengi;LONDO KUMANDALIK SOHO;0,5;
6151-Mavi;LONDO KUMANDALIK SOHO;0,5;
6151-Siyah;LONDO KUMANDALIK SOHO;0,5;
6151-Vizon;LONDO KUMANDALIK SOHO;0,5;
6154-Bordo;Kalemlikli Defterlik;0,5;
6154-Haki;Kalemlikli Defterlik;0,5;
6154-Mavi;Kalemlikli Defterlik;0,5;
6154-Siyah;Kalemlikli Defterlik;0,5;
6155-Camel;Kalemlikli Defterlik;0,5;
6155-Taba;Kalemlikli Defterlik;0,5;
6156-Mor;Kalemlikli Defterlik;0,5;
6157-Siyah/Siyah;Organizer Suni Deri (iç astar siyah);0,5;
6160-Siyah;Suni mouse pad (Siyah dikişli);0,5;
6169-Kahverengi;Biletli Pasaportluk-SOHO;0,5;
6169-Siyah;Biletli Pasaportluk-SOHO;0,5;
6170-Haki;Londo AIRTAG Kılıfı;0,5;
6170-Kahverengi;Londo AIRTAG Kılıfı;0,5;
6170-Siyah;Londo AIRTAG Kılıfı;0,5;
6171-Camel;Londo AIRTAG Kılıfı;0,5;
6171-Kırmızı;Londo AIRTAG Kılıfı;0,5;
6172-Haki;Sierra Kemer-Deri;0,5;
6172-Kahverengi;Sierra Kemer-Deri;0,5;
6172-Mavi;Sierra Kemer-Deri;0,5;
6172-Siyah;Sierra Kemer-Deri;0,5;
6172-Vizon;Sierra Kemer-Deri;0,5;
6185-Camel;Bilek Strap;0,5;
6185-Kırmızı;Bilek Strap;0,5;
6185-Oliv;Bilek Strap;0,5;
6185-Taba;Bilek Strap;0,5;
6186-Kestane;Tombik Kalemlik;0,5;
6187-Kahverengi;Sekonıc Deri Kılıfı;0,5;
6188-Kırmızı;Ducatı Anahtarlık;0,5;
6188-Taba;Ducatı Anahtarlık;0,5;
6189-Kestane;Ducatı Anahtarlık;0,5;
6190-Kestane;Triumph Anahtarlık;0,5;
6191-Taba;Triumph Anahtarlık;0,5;
6192-Vizon;Keyboard Büyük Tablet Kılıfı-Soho - Soho;1;
6193-Taba;Keyboard Büyük Tablet Kılıfı-Penrit -Tiger;1;
6194-Mavi;Keyboard Büyük Tablet Kılıfı-Blue Drop - Soho;1;
6195-Mor;Keyboard Büyük Tablet Kılıfı-Geometrik Mozaik -Floter;1;
6196-Siyah;Keyboard Büyük Tablet Kılıfı-Koton Goblen -Soho;1;
6197-Kahverengi;Keyboard Büyük Tablet Kılıfı-Ethnic - Soho;1;
6198-Camel;Keyboard Büyük Tablet Kılıfı-Alaska - Tiger;1;
6199-Siyah;Büyük Boy Suni Deri Defter Kılıfı;1;
6200-Camel;Turquino Logolu Puro Kılıfı;0,5;
6200-Taba;Turquino Logolu Puro Kılıfı;0,5;
6201-Kestane;Turquino Logolu Puro Kılıfı;0,5;
6202-Bordo;Fermuarlı Kalemlik;0,5;
6202-Haki;Fermuarlı Kalemlik;0,5;
6202-Kahverengi;Fermuarlı Kalemlik;0,5;
6202-Mavi;Fermuarlı Kalemlik;0,5;
6202-Siyah;Fermuarlı Kalemlik;0,5;
6202-Vizon;Fermuarlı Kalemlik;0,5;
6203-Siyah;VISION EARS Kılıf;0,5;
6204-Siyah;Çocuk Deri Önlük;2;
6205-Taba/Bej;Çocuk Kanvas Önlük;2;
6206-Kahverengi/Yeşil;Kanvas Önlük;2;
6206-Vizon/Siyah;Kanvas Önlük;2;
6207-Taba/Bej;Kanvas Önlük;2;
6208-Camel;Londo ID Tags;0,5;
6208-Taba;Londo ID Tags;0,5;
6209-Kestane;Londo ID Tags;0,5;
6213-Gri;Plain Bardak Altlığı;0,5;
6213-Kahverengi;Plain Bardak Altlığı;0,5;
6213-Siyah;Plain Bardak Altlığı;0,5;
6213-Taba;Plain Bardak Altlığı;0,5;
6214-Kestane;Logolu Puro Kılıfı;0,5;
6215-Camel;Turquino Logosuz Puro Kılıfı;0,5;
6215-Taba;Turquino Logosuz Puro Kılıfı;0,5;
6216-Haki;Turquino Logosuz Puro Kılıfı;0,5;
6219-Bordo;Pasaportluk (Biletsiz);0,5;
6219-Haki;Pasaportluk (Biletsiz);0,5;
6219-Kahverengi;Pasaportluk (Biletsiz);0,5;
6219-Mavi;Pasaportluk (Biletsiz);0,5;
6219-Siyah;Pasaportluk (Biletsiz);0,5;
6219-Vizon;Pasaportluk (Biletsiz);0,5;
6220-Bordo;Biyeli Kitap Ayracı;0,5;
6220-Haki;Biyeli Kitap Ayracı;0,5;
6220-Mavi;Biyeli Kitap Ayracı;0,5;
6220-Vizon;Biyeli Kitap Ayracı;0,5;
6221-Kestane;Mıknatıslı Kitap Ayracı;0,5;
6222-Camel;Mıknatıslı Kitap Ayracı;0,5;
6222-Taba;Mıknatıslı Kitap Ayracı;0,5;
6223-Bordo;Mıknatıslı Kitap Ayracı;0,5;
6223-Haki;Mıknatıslı Kitap Ayracı;0,5;
6223-Mavi;Mıknatıslı Kitap Ayracı;0,5;
6223-Vizon;Mıknatıslı Kitap Ayracı;0,5;
6224-Camel;Biyeli Kitap Ayracı;0,5;
6224-Taba;Biyeli Kitap Ayracı;0,5;
6225-Kestane;Biyeli Kitap Ayracı;0,5;
6226-Bordo;Üçgen Kitap Ayracı;0,5;
6226-Haki;Üçgen Kitap Ayracı;0,5;
6226-Mavi;Üçgen Kitap Ayracı;0,5;
6226-Vizon;Üçgen Kitap Ayracı;0,5;
6227-Camel;Üçgen Kitap Ayracı;0,5;
6227-Taba;Üçgen Kitap Ayracı;0,5;
6228-Kestane;Üçgen Kitap Ayracı;0,5;
6229-Camel;Journey Passport Holder;0,5;
6229-Taba;Journey Passport Holder;0,5;
6230-Kestane;Journey Passport Holder;0,5;
6234-Kahverengi;Keyboard Pad Large;0,5;
6234-Siyah;Keyboard Pad Large;0,5;
6235-Kahverengi;Keyboard Pad Medium;0,5;
6235-Siyah;Keyboard Pad Medium;0,5;
6236-Kahverengi;Keyboard Pad Small;0,5;
6236-Siyah;Keyboard Pad Small;0,5;
6237-Beyaz;Keyboard Pad Large;0,5;
6237-Gri;Keyboard Pad Large;0,5;
6237-Kahverengi;Keyboard Pad Large;0,5;
6237-Kırmızı;Keyboard Pad Large;0,5;
6237-Siyah;Keyboard Pad Large;0,5;
6238-Beyaz;Keyboard Pad Small;0,5;
6238-Gri;Keyboard Pad Small;0,5;
6238-Kahverengi;Keyboard Pad Small;0,5;
6238-Kırmızı;Keyboard Pad Small;0,5;
6238-Siyah;Keyboard Pad Small;0,5;
6239-Beyaz;Keyboard Pad Medium;0,5;
6239-Gri;Keyboard Pad Medium;0,5;
6239-Kahverengi;Keyboard Pad Medium;0,5;
6239-Kırmızı;Keyboard Pad Medium;0,5;
6239-Siyah;Keyboard Pad Medium;0,5;
6240-Kahverengi;Chelly Kemer-Deri Etnic;0,5;
6241-Mavi;Chelly Kemer-Deri Blue Drop;0,5;
6242-Mor;Chelly Kemer-Deri Mozaik;0,5;
6243-Kırmızı/Siyah;Anza Kemer;0,5;
6243-Taba/Siyah;Anza Kemer;0,5;
6244-Haki/Siyah;Anza Kemer;0,5;
6287-Bordo;Taki Kutusu - Buyuk;1;
6287-Haki;Taki Kutusu - Buyuk;1;
6287-Siyah;Taki Kutusu - Buyuk;1;
6287-Vizon;Taki Kutusu - Buyuk;1;
6288-Taba;Taki Kutusu - Buyuk;1;
6291-Haki;Saat Kutusu - 2 Bölmeli;1;
6291-Kahverengi;Saat Kutusu - 2 Bölmeli;1;
6291-Siyah;Saat Kutusu - 2 Bölmeli;1;
6292-Haki;Saat Kutusu - 3 Bölmeli;1;
6292-Kahverengi;Saat Kutusu - 3 Bölmeli;1;
6292-Siyah;Saat Kutusu - 3 Bölmeli;1;
6293-Bordo;Geniş Mouse Pad Küçük -SOHO;0,5;
6293-Haki;Geniş Mouse Pad Küçük -SOHO;0,5;
6293-Kahverengi;Geniş Mouse Pad Küçük -SOHO;0,5;
6293-Siyah;Geniş Mouse Pad Küçük -SOHO;0,5;
6293-Vizon;Geniş Mouse Pad Küçük -SOHO;0,5;
6294-Beyaz;Geniş Mouse Pad - Küçük;0,5;
6294-Gri;Geniş Mouse Pad - Küçük;0,5;
6294-Kahverengi;Geniş Mouse Pad - Küçük;0,5;
6294-Kırmızı;Geniş Mouse Pad - Küçük;0,5;
6294-Siyah;Geniş Mouse Pad - Küçük;0,5;
6294-Taba;Geniş Mouse Pad - Küçük;0,5;
6299-Kahverengi;Apple Watch Strap - Erkek;0,5;
6299-Siyah;Apple Watch Strap - Erkek;0,5;
6299-Vizon;Apple Watch Strap - Erkek;0,5;
6300-Kahverengi;Apple Watch Strap - Kadın;0,5;
6300-Siyah;Apple Watch Strap - Kadın;0,5;
6300-Vizon;Apple Watch Strap - Kadın;0,5;
6313-Camel;Coton Kemer;0,5;
6313-Taba;Coton Kemer;0,5;
6314-Kestane;Coton Kemer;0,5;
7005-Camel;Küçük Kamera Çantası;1,5;
7005-Kırmızı;Küçük Kamera Çantası;1,5;
7005-Oliv;Küçük Kamera Çantası;1,5;
7005-Taba;Küçük Kamera Çantası;1,5;
7012-Bordo;Yatay Kamera Çantası-Bordo;2;
7012-Haki;Yatay Kamera Çantası-Haki;2;
7012-Kahverengi;Yatay Kamera Çantası-Soho;2;
7012-Mavi;Yatay Kamera Çantası;2;
7012-Siyah;Yatay Kamera Çantası;2;
7012-Vizon;Yatay Kamera Çantası Vizon;2;
7015-Bordo;Dikey Kamera Çantası-Bordo;2;
7015-Haki;Dikey Kamera Çantası-Haki;2;
7015-Kahverengi;Dikey Kamera Çantası-Soho;2;
7015-Mavi;Dikey Kamera Çantası;2;
7015-Siyah;Dikey Kamera Çantası;2;
7015-Vizon;Dikey Kamera Çantası-Vizon;2;
7017-Mavi;13.3 Macbook Çantası-Blue Drop;1;
7018-Mor;13.3 Macbook Çantası-Geometrik Mozaik;1;
7019-Kahverengi;13.3 Macbook Çantası-Ethnic;1;
7020-Mavi;15 Macbook Çantası-Blue Drop;1;
7021-Mor;15 Macbook Çantası-Geometrik Mozaik;1;
7022-Kahverengi;15 Macbook Çantası Ethnic;1;
7023-Kahverengi;Seyahat Çantası-Rustik;1;
7023-Siyah;Seyahat Çantası-Rustik;1;
7024-Kahverengi;Seyahat Çantası -Plum;1;
7025-Mor;Makyaj Çantası;0,5;
7025-Pembe;Makyaj Çantası;0,5;
7025-Siyah;Makyaj Çantası;0,5;
7025-Taba;Makyaj Çantası;0,5;
7026-Kahverengi;Yatay Kamera Çantası-Suni;2;
7026-Siyah;Yatay Kamera Çantası-Suni;2;
7026-Taba;Yatay Kamera Çantası-Suni;2;
7027-Kahverengi;Dikey Kamera Çantası-Suni;2;
7027-Siyah;Dikey Kamera Çantası-Suni;2;
7027-Taba;Dikey Kamera Çantası-Suni;2;
7028-Bordo/Gri;15 KEÇELİ MACBOOK ÇANTASI;1;
7028-Haki/Siyah;15 KEÇELİ MACBOOK ÇANTASI;1;
7028-Kahverengi/Siyah;15 KEÇELİ MACBOOK ÇANTASI-SOHO;1;
7028-Mavi/Gri;15 KEÇELİ MACBOOK ÇANTASI;1;
7028-Siyah/Gri;15;1;
7028-Siyah/Siyah;15 KEÇELİ MACBOOK ÇANTASI;1;
7030-Gri;13,3- ÜRETİLMEYECEK;1;
7030-Kırmızı;13,3- ÜRETİLMEYECEK;1;
7030-Mavi;13,3 -ÜRETİLMEYECEK;1;
7030-Pembe;13,3 -ÜRETİLMEYECEK;1;
7030-Siyah;13,3 -ÜRETİLMEYECEK;1;
7031-Gri;15-ÜRETİLMEYECEK;1;
7031-Kırmızı;15-ÜRETİLMEYECEK;1;
7031-Mavi;15-ÜRETİLMEYECEK;1;
7031-Pembe;15-ÜRETİLMEYECEK;1;
7031-Siyah;15-ÜRETİLMEYECEK;1;
7033-Bordo/Gri;13 KEÇELİ MACBOOK ÇANTASI;1;
7033-Haki/Siyah;13;1;
7033-Kahverengi/Siyah;13 KEÇELİ MACBOOK ÇANTASI;1;
7033-Mavi/Gri;13 KEÇELİ MACBOOK ÇANTASI;1;
7033-Siyah/Gri;13 KEÇELİ MACBOOK ÇANTASI;1;
7033-Siyah/Siyah;13 KEÇELİ MACBOOK ÇANTASI;1;
7035-Camel;Londo Gondol Bag;1;
7035-Kırmızı;Londo Gondol Bag;1;
7035-Taba;Londo Gondol Bag;1;
7036-Kahverengi;Londo Gondol Bag;1;
7039-Camel;TOMBİK SEYAHAT ÇANTASI;1;
7039-Kırmızı;TOMBİK SEYAHAT ÇANTASI;1;
7039-Taba;TOMBİK SEYAHAT ÇANTASI;1;
7041-Kahverengi;TOMBİK SEYAHAT ÇANTASI URETILMEYECEK;1;
7043-Lacivert;OTTANA El Çantası;0,5;
7043-Mor;OTTANA El Çantası;0,5;
7043-Siyah;OTTANA El Çantası;0,5;
7043-Vizon;OTTANA El Çantası;0,5;
7044-Bordo;OTTANA El Çantası;0,5;
7044-Haki;OTTANA El Çantası;0,5;
7045-Kahverengi;Londo Tote Bag;4,5;AVRUPA ÜLKELERİ, CA ve US ülkesi hariç diğer ülkelerde 3,5 desi
7046-Siyah;Londo Tote Bag-Soho;4,5;AVRUPA ÜLKELERİ, CA ve US ülkesi hariç diğer ülkelerde 3,5 desi
7047-Haki;Business Kamera Çantası Deri;5;
7047-Kahverengi;Business Kamera Çantası Deri;5;
7047-Siyah;Business Kamera Çantası Deri;5;
7053-Camel/Siyah;13 KEÇELİ MACBOOK ÇANTASI;1;
7053-Kırmızı/Siyah;13 KEÇELİ MACBOOK ÇANTASI;1;
7056-Camel/Siyah;15 KEÇELİ MACBOOK ÇANTASI;1;
7056-Kırmızı/Siyah;15 KEÇELİ MACBOOK ÇANTASI;1;
7063-Camel;Megagear Harper Bagpack;4;
7063-Taba;Megagear Harper Bagpack;4;
7064-Kestane;Megagear Harper Bagpack;4;
7065-Kahverengi;Londo La Biche Tote;4,5;AVRUPA ÜLKELERİ, CA ve US ülkesi hariç diğer ülkelerde 3,5 desi
7066-Kestane;Londo La Biche Tote;4,5;AVRUPA ÜLKELERİ, CA ve US ülkesi hariç diğer ülkelerde 3,5 desi
7074-Siyah;13.3 Macbook Çantası;1;
7075-Vizon;13.3 Macbook Çantası-Soho;1;
7076-Camel;13.3 Macbook Çantası-Tiger;1;
7077-Taba;13.3 Macbook Çantası-Tiger;1;
7079-Siyah;15 Macbook Çantası;1;
7080-Vizon;15 Macbook Çantası-Soho;1;
7081-Camel;15 Macbook Çantası-Tiger;1;
7082-Taba;15 Macbook Çantası-Tiger;1;
7084-Siyah;Retro 13 Macbook Çantası;1;
7085-Camel;Retro 13 Macbook Çantası;1;
7085-Kırmızı;Retro 13 Macbook Çantası;1;
7085-Oliv;Retro 13 Macbook Çantası;1;
7085-Taba;Retro 13 Macbook Çantası;1;
7086-Siyah;Retro 15 Macbook Çantası;1;
7087-Camel;Retro 15;1;
7087-Kırmızı;Retro 15 Macbook Çantası;1;
7087-Oliv;Retro 15 Macbook Çantası;1;
7087-Taba;Retro 15 Macbook Çantası;1;
7088-Haki/Siyah;Business Kamera Çantası Kanvas;5;
7088-Kahverengi/Bej;Business Kamera Çantası Kanvas;5;
7090-Camel;Business Kamera Çantası Deri;5;
7099-Camel;Londo 55 Duffel Bag;5,5;
7100-Kestane;Londo 55 Duffel Bag;5,5;
7103-Bordo/Gri;Seyahat Çantası - Kanvas;1;
7104-Haki/Bej;Seyahat Çantası - Kanvas;1;
7104-Siyah/Siyah;Seyahat Çantası - Kanvas;1;
7115-Camel/Siyah;XL Kanvas Seyahat Çantası;1;
7115-Taba/Bej;XL Kanvas Seyahat Çantası;1;
7116-Bordo/Gri;XL Kanvas Seyahat Çantası;1;
7116-Haki/Bej;XL Kanvas Seyahat Çantası;1;
7117-Kahverengi/Siyah;XL Kanvas Seyahat Çantası;1;
7118-Kestane;13.3 Macbook Çantası;1;
7119-Camel;13.3 Macbook Çantası;1;
7119-Taba;13.3 Macbook Çantası;1;
7120-Kestane;15 Macbook Çantası;1;
7121-Camel;15 Macbook Çantası;1;
7121-Taba;15 Macbook Çantası;1;
7122-Camel;Londo 45 Duffel Bag;4,5;
7123-Kestane;Londo 45 Duffel Bag;4,5;
7162-Haki/Siyah;Tombik Kamera Çantası;2;
7162-Kahverengi/Yeşil;Tombik Kamera Çantası;2;
7163-Camel/Vizon;Tombik Kamera Çantası;2;
7163-Taba/Siyah;Tombik Kamera Çantası;2;
7173-Kahverengi;Londo Zion Messenger Bag -13 inc;4,5;AVRUPA ÜLKELERİ, CA ve US ülkesi hariç diğer ülkelerde 3,5 desi
7173-Mavi;Londo Zion Messenger Bag -13 inc(İptal);4,5;AVRUPA ÜLKELERİ, CA ve US ülkesi hariç diğer ülkelerde 3,5 desi
7174-Mor;Londo Zion Messenger Bag -13 inc;4,5;AVRUPA ÜLKELERİ, CA ve US ülkesi hariç diğer ülkelerde 3,5 desi
7175-Kahverengi;Londo Zion Messenger Bag -15 inc;4,5;AVRUPA ÜLKELERİ, CA ve US ülkesi hariç diğer ülkelerde 3,5 desi
7176-Mor;Londo Zion Messenger Bag -15 inc;4,5;AVRUPA ÜLKELERİ, CA ve US ülkesi hariç diğer ülkelerde 3,5 desi
7183-Kahverengi;Hermosa Cross Çanta;1;
7183-Siyah;Hermosa Cross Çanta;1;
7184-Kahverengi;Jasper Laptop Çantası;4,5;AVRUPA ÜLKELERİ, CA ve US ülkesi hariç diğer ülkelerde 3,5 desi
7184-Siyah;Jasper Laptop Çantası;4,5;AVRUPA ÜLKELERİ, CA ve US ülkesi hariç diğer ülkelerde 3,5 desi
7185-Gri/Taba;13 Slim Keçeli Macbook Çantası;0,5;
7185-Siyah/Taba;13 Slim Keçeli Macbook Çantası;0,5;
7186-Gri/Taba;15 Slim Keçeli Macbook Çantası;1;
7186-Siyah/Taba;15 Slim Keçeli Macbook Çantası;1;
7192-Taba/Bej;Londo Kanvas Duffel Bag;4;
7193-Haki/Siyah;Londo Kanvas Duffel Bag;4;
7194-Gri;İki Bölmeli Seyahat Çantası;1,5;
7194-Mavi;İki Bölmeli Seyahat Çantası;1,5;
7194-Taba;İki Bölmeli Seyahat Çantası;1,5;
7199-Haki;İki Bölmeli Seyahat Çantası;1,5;
7199-Kahverengi;İki Bölmeli Seyahat Çantası;1,5;
7199-Siyah;İki Bölmeli Seyahat Çantası;1,5;
7232-Mavi;Londo Zion Messenger Bag -13 inc;4,5;AVRUPA ÜLKELERİ, CA ve US ülkesi hariç diğer ülkelerde 3,5 desi
7233-Taba;Londo Zion Messenger Bag -13 inc;4,5;AVRUPA ÜLKELERİ, CA ve US ülkesi hariç diğer ülkelerde 3,5 desi
7234-Taba;Londo Zion Messenger Bag -15 inc;4,5;AVRUPA ÜLKELERİ, CA ve US ülkesi hariç diğer ülkelerde 3,5 desi
7235-Mavi;Londo Zion Messenger Bag -15 inc;4,5;AVRUPA ÜLKELERİ, CA ve US ülkesi hariç diğer ülkelerde 3,5 desi
7239-Kestane;TOMBİK SEYAHAT ÇANTASI;1;
7240-Haki;Vernal Camera Bag;2;
7240-Siyah;Vernal Camera Bag;2;
7241-Haki;Burney Camera Bag;5;
7241-Siyah;Burney Camera Bag;5;
7245-Kahverengi;15 Whitney Macbook Çantası;1;
7245-Mavi;15 Whitney Macbook Çantası;1;
7246-Mor;15 Whitney Macbook Çantası;1;
7247-Kahverengi;13 Whitney Macbook Çantası;1;
7247-Mavi;13 Whitney Macbook Çantası;1;
7248-Mor;13 Whitney Macbook Çantası;1;
7261-Camel;13' Crazy Laptop Çantası;1;
7261-Taba;13' Crazy Laptop Çantası;1;
7262-Kestane;13' Crazy Laptop Çantası;1;
7263-Camel;15' Crazy Laptop Çantası;1;
7263-Taba;15' Crazy Laptop Çantası;1;
7264-Kestane;15' Crazy Laptop Çantası;1;
7265-Kahverengi;Monterey Sleeve;1;
7265-Siyah;Monterey Sleeve;1;
7266-Kahverengi;Monterey Sleeve 13';1;
7266-Siyah;Monterey Sleeve 13';1;
7274-Beyaz;TOMBİK SEYAHAT ÇANTASI- Suni Deri;1;
7274-Kahverengi;TOMBİK SEYAHAT ÇANTASI -Suni Deri;1;
7274-Siyah;TOMBİK SEYAHAT ÇANTASI -Suni Deri;1;
7274-Taba;TOMBİK SEYAHAT ÇANTASI- Suni Deri;1;
7276-Kahverengi;Megagear Napa 13” Backpack;4;
7276-Siyah;Megagear Napa 13” Backpack;4;
7277-Camel;Telefon Çantası;0,5;
7277-Taba;Telefon Çantası;0,5;
7278-Kestane;Telefon Çantası;0,5;
9001;Textil Cluch;0,5;
9002;Textil Cluch-ÜRETİLMEYECEK;0,5;
9003;Textil Cluch;0,5;
9004;Textil Cluch-ÜRETİLMEYECEK;0,5;
9005;Textil Cluch-ÜRETİLMEYECEK;0,5;
9006;Textil Cluch;0,5;
9007;Textil Cluch-ÜRETİLMEYECEK;0,5;
9008;Textil Cluch-ÜRETİLMEYECEK;0,5;
9009;Textil Cluch- ÜRETİLMEYECEK;0,5;
9010;Textil Cluch-ÜRETİLMEYECEK;0,5;
9011;Textil Cluch-Üretilmeyecek;0,5;
9012;Textil Cluch-üretilmeyecek.;0,5;
9013;Textil Cluch;0,5;
9014;Textil Cluch;0,5;
9015;Textil Cluch;0,5;
9016;Textil Cluch-ÜRETİLMEYECEK;0,5;
9017;Textil Cluch-üretilmeyecek;0,5;
9018;Textil Cluch;0,5;
9019;Textil Cluch-ÜRETİLMEYECEK;0,5;
9020;Textil Cluch-ÜRETİLMEYECEK;0,5;
9021;Textil Cluch-ÜRETİLMEYECEK.;0,5;
9022;Textil Cluch;0,5;
9023;Textil Cluch;0,5;
9024;Textil Cluch;0,5;
9302;Büyük Boy Defter;0,5;
9303;Orta Boy Defter;0,5;
9304;Küçük Boy Defter;0,5;
9401;CN-Ekran Koruyucu;0,5;
9402;CN-Ekran Koruyucu;0,5;
9403;CN-Ekran Koruyucu;0,5;
9404;CN-Ekran Koruyucu;0,5;
9405;CN-Ekran Koruyucu;0,5;
9406;CN-Ekran Koruyucu;0,5;
9407;CN-Ekran Koruyucu;0,5;
9408;CN-Ekran Koruyucu;0,5;
9409;CN-Ekran Koruyucu;0,5;
9410;CN-Ekran Koruyucu;0,5;
9411;CN-Ekran Koruyucu;0,5;
9412;CN-Ekran Koruyucu;0,5;
9413;CN-Ekran Koruyucu;0,5;
9414;CN-Ekran Koruyucu;0,5;
9415;CN-Ekran Koruyucu;0,5;
9416;CN-Ekran Koruyucu;0,5;
9417;CN-Ekran Koruyucu;0,5;
9418;CN-Ekran Koruyucu;0,5;
9419;CN-Ekran Koruyucu;0,5;
9420;CN-Ekran Koruyucu;0,5;
9421;CN-Ekran Koruyucu;0,5;
9422;CN-Ekran Koruyucu;0,5;
9423;CN-Ekran Koruyucu;0,5;
9424;CN-Ekran Koruyucu;0,5;
9425;CN-Ekran Koruyucu-SATILMAYACAK;0,5;
9426;CN-Ekran Koruyucu;0,5;
9427;CN-Ekran Koruyucu;0,5;
9428;CN-Ekran Koruyucu;0,5;
9429;CN-Ekran Koruyucu;0,5;
9430;CN-Ekran Koruyucu;0,5;
9431;CN-Ekran Koruyucu;0,5;
9432;CN-Ekran Koruyucu;0,5;
9433;CN-Ekran Koruyucu;0,5;
9434;CN-Ekran Koruyucu;0,5;
9435;CN-Ekran Koruyucu;0,5;
9436;CN-Ekran Koruyucu;0,5;
9437;CN-Ekran Koruyucu;0,5;
9438;CN-Ekran Koruyucu;0,5;
9439;CN-Ekran Koruyucu;0,5;
9603;Thread-1 Vida;0,5;
9604;Thread-2 Vida;0,5;
9605;Thread-3 Vida;0,5;
9606;Thread-4 Vida;0,5;
9607;Thread-5 Vida;0,5;
9608;Thread-6 Vida;0,5;
9609;Thread-7 Vida (Dip vidası);0,5;